input_path,annotated_path,heatmap_path,anomaly_heatmap_path,label,is_anomaly,score,threshold,st_map_weight,ae_map_weight,inference_time_ms,processing_time_ms,total_time_ms,roi_x,roi_y,roi_width,roi_height,masks_json,scoring_mode,student_weight,autoencoder_weight,normalization,error
C:\projects\efficientAD\mydataset\my_product4\test\broken\001K8_0031.png,C:\projects\efficientAD\results\model13_my_product4\annotated\broken\001K8_0031_result.png,C:\projects\efficientAD\results\model13_my_product4\heatmaps\broken\001K8_0031_heatmap.png,C:\projects\efficientAD\results\model13_my_product4\anomaly_heatmaps\broken\001K8_0031_heatmap.png,ANOMALY,True,0.0120018869638443,0.007144,0.0,0.025,272.00599992647767,299.72150013782084,356.58969986252487,0,0,390,484,[],weighted_ae_difference,C:\projects\efficientAD\EfficientAD-main\output\13\trainings\mvtec_ad\my_product4\student_final.pth,C:\projects\efficientAD\EfficientAD-main\output\13\trainings\mvtec_ad\my_product4\autoencoder_final.pth,C:\projects\efficientAD\EfficientAD-main\output\13\trainings\mvtec_ad\my_product4\norm_params.json,
C:\projects\efficientAD\mydataset\my_product4\test\broken\001K8_0058.png,C:\projects\efficientAD\results\model13_my_product4\annotated\broken\001K8_0058_result.png,C:\projects\efficientAD\results\model13_my_product4\heatmaps\broken\001K8_0058_heatmap.png,C:\projects\efficientAD\results\model13_my_product4\anomaly_heatmaps\broken\001K8_0058_heatmap.png,ANOMALY,True,0.013163521885871887,0.007144,0.0,0.025,8.054699981585145,11.786600109189749,44.430400012061,0,0,390,484,[],weighted_ae_difference,C:\projects\efficientAD\EfficientAD-main\output\13\trainings\mvtec_ad\my_product4\student_final.pth,C:\projects\efficientAD\EfficientAD-main\output\13\trainings\mvtec_ad\my_product4\autoencoder_final.pth,C:\projects\efficientAD\EfficientAD-main\output\13\trainings\mvtec_ad\my_product4\norm_params.json,
C:\projects\efficientAD\mydataset\my_product4\test\broken\001K8_0059.png,C:\projects\efficientAD\results\model13_my_product4\annotated\broken\001K8_0059_result.png,C:\projects\efficientAD\results\model13_my_product4\heatmaps\broken\001K8_0059_heatmap.png,C:\projects\efficientAD\results\model13_my_product4\anomaly_heatmaps\broken\001K8_0059_heatmap.png,ANOMALY,True,0.011121942661702633,0.007144,0.0,0.025,8.125700056552887,11.395199922844768,43.50299993529916,0,0,390,484,[],weighted_ae_difference,C:\projects\efficientAD\EfficientAD-main\output\13\trainings\mvtec_ad\my_product4\student_final.pth,C:\projects\efficientAD\EfficientAD-main\output\13\trainings\mvtec_ad\my_product4\autoencoder_final.pth,C:\projects\efficientAD\EfficientAD-main\output\13\trainings\mvtec_ad\my_product4\norm_params.json,
C:\projects\efficientAD\mydataset\my_product4\test\broken\001K8_0060.png,C:\projects\efficientAD\results\model13_my_product4\annotated\broken\001K8_0060_result.png,C:\projects\efficientAD\results\model13_my_product4\heatmaps\broken\001K8_0060_heatmap.png,C:\projects\efficientAD\results\model13_my_product4\anomaly_heatmaps\broken\001K8_0060_heatmap.png,ANOMALY,True,0.013685082085430622,0.007144,0.0,0.025,8.15220014192164,11.321800062432885,44.72219990566373,0,0,390,484,[],weighted_ae_difference,C:\projects\efficientAD\EfficientAD-main\output\13\trainings\mvtec_ad\my_product4\student_final.pth,C:\projects\efficientAD\EfficientAD-main\output\13\trainings\mvtec_ad\my_product4\autoencoder_final.pth,C:\projects\efficientAD\EfficientAD-main\output\13\trainings\mvtec_ad\my_product4\norm_params.json,
C:\projects\efficientAD\mydataset\my_product4\test\broken\001K8_0062.png,C:\projects\efficientAD\results\model13_my_product4\annotated\broken\001K8_0062_result.png,C:\projects\efficientAD\results\model13_my_product4\heatmaps\broken\001K8_0062_heatmap.png,C:\projects\efficientAD\results\model13_my_product4\anomaly_heatmaps\broken\001K8_0062_heatmap.png,ANOMALY,True,0.014742321334779263,0.007144,0.0,0.025,8.092100033536553,11.309799971058965,43.48520003259182,0,0,390,484,[],weighted_ae_difference,C:\projects\efficientAD\EfficientAD-main\output\13\trainings\mvtec_ad\my_product4\student_final.pth,C:\projects\efficientAD\EfficientAD-main\output\13\trainings\mvtec_ad\my_product4\autoencoder_final.pth,C:\projects\efficientAD\EfficientAD-main\output\13\trainings\mvtec_ad\my_product4\norm_params.json,
C:\projects\efficientAD\mydataset\my_product4\test\broken\001K8_0063.png,C:\projects\efficientAD\results\model13_my_product4\annotated\broken\001K8_0063_result.png,C:\projects\efficientAD\results\model13_my_product4\heatmaps\broken\001K8_0063_heatmap.png,C:\projects\efficientAD\results\model13_my_product4\anomaly_heatmaps\broken\001K8_0063_heatmap.png,ANOMALY,True,0.012949684634804726,0.007144,0.0,0.025,8.06259992532432,11.244999943301082,43.78860001452267,0,0,390,484,[],weighted_ae_difference,C:\projects\efficientAD\EfficientAD-main\output\13\trainings\mvtec_ad\my_product4\student_final.pth,C:\projects\efficientAD\EfficientAD-main\output\13\trainings\mvtec_ad\my_product4\autoencoder_final.pth,C:\projects\efficientAD\EfficientAD-main\output\13\trainings\mvtec_ad\my_product4\norm_params.json,
C:\projects\efficientAD\mydataset\my_product4\test\broken\001K8_0064.png,C:\projects\efficientAD\results\model13_my_product4\annotated\broken\001K8_0064_result.png,C:\projects\efficientAD\results\model13_my_product4\heatmaps\broken\001K8_0064_heatmap.png,C:\projects\efficientAD\results\model13_my_product4\anomaly_heatmaps\broken\001K8_0064_heatmap.png,ANOMALY,True,0.014408590272068977,0.007144,0.0,0.025,8.0850999802351,11.508899973705411,45.44540005736053,0,0,390,484,[],weighted_ae_difference,C:\projects\efficientAD\EfficientAD-main\output\13\trainings\mvtec_ad\my_product4\student_final.pth,C:\projects\efficientAD\EfficientAD-main\output\13\trainings\mvtec_ad\my_product4\autoencoder_final.pth,C:\projects\efficientAD\EfficientAD-main\output\13\trainings\mvtec_ad\my_product4\norm_params.json,
C:\projects\efficientAD\mydataset\my_product4\test\broken\001K8_0065.png,C:\projects\efficientAD\results\model13_my_product4\annotated\broken\001K8_0065_result.png,C:\projects\efficientAD\results\model13_my_product4\heatmaps\broken\001K8_0065_heatmap.png,C:\projects\efficientAD\results\model13_my_product4\anomaly_heatmaps\broken\001K8_0065_heatmap.png,ANOMALY,True,0.013461566530168056,0.007144,0.0,0.025,8.168800035491586,12.400700012221932,47.06729995086789,0,0,390,484,[],weighted_ae_difference,C:\projects\efficientAD\EfficientAD-main\output\13\trainings\mvtec_ad\my_product4\student_final.pth,C:\projects\efficientAD\EfficientAD-main\output\13\trainings\mvtec_ad\my_product4\autoencoder_final.pth,C:\projects\efficientAD\EfficientAD-main\output\13\trainings\mvtec_ad\my_product4\norm_params.json,
C:\projects\efficientAD\mydataset\my_product4\test\broken\001K8_0066.png,C:\projects\efficientAD\results\model13_my_product4\annotated\broken\001K8_0066_result.png,C:\projects\efficientAD\results\model13_my_product4\heatmaps\broken\001K8_0066_heatmap.png,,NORMAL,False,0.005569383502006531,0.007144,0.0,0.025,8.121100021526217,11.323099955916405,40.9659999422729,0,0,390,484,[],weighted_ae_difference,C:\projects\efficientAD\EfficientAD-main\output\13\trainings\mvtec_ad\my_product4\student_final.pth,C:\projects\efficientAD\EfficientAD-main\output\13\trainings\mvtec_ad\my_product4\autoencoder_final.pth,C:\projects\efficientAD\EfficientAD-main\output\13\trainings\mvtec_ad\my_product4\norm_params.json,
C:\projects\efficientAD\mydataset\my_product4\test\broken\001K8_0067.png,C:\projects\efficientAD\results\model13_my_product4\annotated\broken\001K8_0067_result.png,C:\projects\efficientAD\results\model13_my_product4\heatmaps\broken\001K8_0067_heatmap.png,C:\projects\efficientAD\results\model13_my_product4\anomaly_heatmaps\broken\001K8_0067_heatmap.png,ANOMALY,True,0.010668003000319004,0.007144,0.0,0.025,8.117899997159839,11.379299918189645,50.16579991206527,0,0,390,484,[],weighted_ae_difference,C:\projects\efficientAD\EfficientAD-main\output\13\trainings\mvtec_ad\my_product4\student_final.pth,C:\projects\efficientAD\EfficientAD-main\output\13\trainings\mvtec_ad\my_product4\autoencoder_final.pth,C:\projects\efficientAD\EfficientAD-main\output\13\trainings\mvtec_ad\my_product4\norm_params.json,
C:\projects\efficientAD\mydataset\my_product4\test\broken\001K8_0068.png,C:\projects\efficientAD\results\model13_my_product4\annotated\broken\001K8_0068_result.png,C:\projects\efficientAD\results\model13_my_product4\heatmaps\broken\001K8_0068_heatmap.png,C:\projects\efficientAD\results\model13_my_product4\anomaly_heatmaps\broken\001K8_0068_heatmap.png,ANOMALY,True,0.01431607361882925,0.007144,0.0,0.025,8.034500060603023,11.730999918654561,45.80419999547303,0,0,390,484,[],weighted_ae_difference,C:\projects\efficientAD\EfficientAD-main\output\13\trainings\mvtec_ad\my_product4\student_final.pth,C:\projects\efficientAD\EfficientAD-main\output\13\trainings\mvtec_ad\my_product4\autoencoder_final.pth,C:\projects\efficientAD\EfficientAD-main\output\13\trainings\mvtec_ad\my_product4\norm_params.json,
C:\projects\efficientAD\mydataset\my_product4\test\broken\001K8_0069.png,C:\projects\efficientAD\results\model13_my_product4\annotated\broken\001K8_0069_result.png,C:\projects\efficientAD\results\model13_my_product4\heatmaps\broken\001K8_0069_heatmap.png,C:\projects\efficientAD\results\model13_my_product4\anomaly_heatmaps\broken\001K8_0069_heatmap.png,ANOMALY,True,0.01292022317647934,0.007144,0.0,0.025,8.076699916273355,11.190799996256828,45.12790008448064,0,0,390,484,[],weighted_ae_difference,C:\projects\efficientAD\EfficientAD-main\output\13\trainings\mvtec_ad\my_product4\student_final.pth,C:\projects\efficientAD\EfficientAD-main\output\13\trainings\mvtec_ad\my_product4\autoencoder_final.pth,C:\projects\efficientAD\EfficientAD-main\output\13\trainings\mvtec_ad\my_product4\norm_params.json,
C:\projects\efficientAD\mydataset\my_product4\test\broken\001K8_0070.png,C:\projects\efficientAD\results\model13_my_product4\annotated\broken\001K8_0070_result.png,C:\projects\efficientAD\results\model13_my_product4\heatmaps\broken\001K8_0070_heatmap.png,C:\projects\efficientAD\results\model13_my_product4\anomaly_heatmaps\broken\001K8_0070_heatmap.png,ANOMALY,True,0.0117098493501544,0.007144,0.0,0.025,8.165600011125207,11.423500021919608,42.96540003269911,0,0,390,484,[],weighted_ae_difference,C:\projects\efficientAD\EfficientAD-main\output\13\trainings\mvtec_ad\my_product4\student_final.pth,C:\projects\efficientAD\EfficientAD-main\output\13\trainings\mvtec_ad\my_product4\autoencoder_final.pth,C:\projects\efficientAD\EfficientAD-main\output\13\trainings\mvtec_ad\my_product4\norm_params.json,
C:\projects\efficientAD\mydataset\my_product4\test\broken\001K8_0071.png,C:\projects\efficientAD\results\model13_my_product4\annotated\broken\001K8_0071_result.png,C:\projects\efficientAD\results\model13_my_product4\heatmaps\broken\001K8_0071_heatmap.png,,NORMAL,False,0.0054687922820448875,0.007144,0.0,0.025,8.142499951645732,11.50940009392798,39.97409995645285,0,0,390,484,[],weighted_ae_difference,C:\projects\efficientAD\EfficientAD-main\output\13\trainings\mvtec_ad\my_product4\student_final.pth,C:\projects\efficientAD\EfficientAD-main\output\13\trainings\mvtec_ad\my_product4\autoencoder_final.pth,C:\projects\efficientAD\EfficientAD-main\output\13\trainings\mvtec_ad\my_product4\norm_params.json,
C:\projects\efficientAD\mydataset\my_product4\test\broken\001K8_0072.png,C:\projects\efficientAD\results\model13_my_product4\annotated\broken\001K8_0072_result.png,C:\projects\efficientAD\results\model13_my_product4\heatmaps\broken\001K8_0072_heatmap.png,C:\projects\efficientAD\results\model13_my_product4\anomaly_heatmaps\broken\001K8_0072_heatmap.png,ANOMALY,True,0.009299615398049355,0.007144,0.0,0.025,8.145099971443415,12.10350007750094,44.701100094243884,0,0,390,484,[],weighted_ae_difference,C:\projects\efficientAD\EfficientAD-main\output\13\trainings\mvtec_ad\my_product4\student_final.pth,C:\projects\efficientAD\EfficientAD-main\output\13\trainings\mvtec_ad\my_product4\autoencoder_final.pth,C:\projects\efficientAD\EfficientAD-main\output\13\trainings\mvtec_ad\my_product4\norm_params.json,
C:\projects\efficientAD\mydataset\my_product4\test\broken\001K8_0073.png,C:\projects\efficientAD\results\model13_my_product4\annotated\broken\001K8_0073_result.png,C:\projects\efficientAD\results\model13_my_product4\heatmaps\broken\001K8_0073_heatmap.png,C:\projects\efficientAD\results\model13_my_product4\anomaly_heatmaps\broken\001K8_0073_heatmap.png,ANOMALY,True,0.012962570413947105,0.007144,0.0,0.025,8.15790006890893,12.08260003477335,45.365599915385246,0,0,390,484,[],weighted_ae_difference,C:\projects\efficientAD\EfficientAD-main\output\13\trainings\mvtec_ad\my_product4\student_final.pth,C:\projects\efficientAD\EfficientAD-main\output\13\trainings\mvtec_ad\my_product4\autoencoder_final.pth,C:\projects\efficientAD\EfficientAD-main\output\13\trainings\mvtec_ad\my_product4\norm_params.json,
C:\projects\efficientAD\mydataset\my_product4\test\broken\001K8_0074.png,C:\projects\efficientAD\results\model13_my_product4\annotated\broken\001K8_0074_result.png,C:\projects\efficientAD\results\model13_my_product4\heatmaps\broken\001K8_0074_heatmap.png,C:\projects\efficientAD\results\model13_my_product4\anomaly_heatmaps\broken\001K8_0074_heatmap.png,ANOMALY,True,0.009106955491006374,0.007144,0.0,0.025,8.306500036269426,11.741100111976266,45.96440005116165,0,0,390,484,[],weighted_ae_difference,C:\projects\efficientAD\EfficientAD-main\output\13\trainings\mvtec_ad\my_product4\student_final.pth,C:\projects\efficientAD\EfficientAD-main\output\13\trainings\mvtec_ad\my_product4\autoencoder_final.pth,C:\projects\efficientAD\EfficientAD-main\output\13\trainings\mvtec_ad\my_product4\norm_params.json,
C:\projects\efficientAD\mydataset\my_product4\test\broken\001K8_0075.png,C:\projects\efficientAD\results\model13_my_product4\annotated\broken\001K8_0075_result.png,C:\projects\efficientAD\results\model13_my_product4\heatmaps\broken\001K8_0075_heatmap.png,C:\projects\efficientAD\results\model13_my_product4\anomaly_heatmaps\broken\001K8_0075_heatmap.png,ANOMALY,True,0.01415753923356533,0.007144,0.0,0.025,8.128799963742495,11.351800058037043,44.48359995149076,0,0,390,484,[],weighted_ae_difference,C:\projects\efficientAD\EfficientAD-main\output\13\trainings\mvtec_ad\my_product4\student_final.pth,C:\projects\efficientAD\EfficientAD-main\output\13\trainings\mvtec_ad\my_product4\autoencoder_final.pth,C:\projects\efficientAD\EfficientAD-main\output\13\trainings\mvtec_ad\my_product4\norm_params.json,
C:\projects\efficientAD\mydataset\my_product4\test\broken\001K8_0076.png,C:\projects\efficientAD\results\model13_my_product4\annotated\broken\001K8_0076_result.png,C:\projects\efficientAD\results\model13_my_product4\heatmaps\broken\001K8_0076_heatmap.png,C:\projects\efficientAD\results\model13_my_product4\anomaly_heatmaps\broken\001K8_0076_heatmap.png,ANOMALY,True,0.012871358543634415,0.007144,0.0,0.025,8.14890000037849,11.818400118499994,44.66989985667169,0,0,390,484,[],weighted_ae_difference,C:\projects\efficientAD\EfficientAD-main\output\13\trainings\mvtec_ad\my_product4\student_final.pth,C:\projects\efficientAD\EfficientAD-main\output\13\trainings\mvtec_ad\my_product4\autoencoder_final.pth,C:\projects\efficientAD\EfficientAD-main\output\13\trainings\mvtec_ad\my_product4\norm_params.json,
C:\projects\efficientAD\mydataset\my_product4\test\broken\001K8_0078.png,C:\projects\efficientAD\results\model13_my_product4\annotated\broken\001K8_0078_result.png,C:\projects\efficientAD\results\model13_my_product4\heatmaps\broken\001K8_0078_heatmap.png,C:\projects\efficientAD\results\model13_my_product4\anomaly_heatmaps\broken\001K8_0078_heatmap.png,ANOMALY,True,0.012447877787053585,0.007144,0.0,0.025,8.150599896907806,11.323199840262532,44.77840010076761,0,0,390,484,[],weighted_ae_difference,C:\projects\efficientAD\EfficientAD-main\output\13\trainings\mvtec_ad\my_product4\student_final.pth,C:\projects\efficientAD\EfficientAD-main\output\13\trainings\mvtec_ad\my_product4\autoencoder_final.pth,C:\projects\efficientAD\EfficientAD-main\output\13\trainings\mvtec_ad\my_product4\norm_params.json,
C:\projects\efficientAD\mydataset\my_product4\test\broken\001K8_0079.png,C:\projects\efficientAD\results\model13_my_product4\annotated\broken\001K8_0079_result.png,C:\projects\efficientAD\results\model13_my_product4\heatmaps\broken\001K8_0079_heatmap.png,C:\projects\efficientAD\results\model13_my_product4\anomaly_heatmaps\broken\001K8_0079_heatmap.png,ANOMALY,True,0.01608649455010891,0.007144,0.0,0.025,8.269799873232841,11.929099913686514,43.78880001604557,0,0,390,484,[],weighted_ae_difference,C:\projects\efficientAD\EfficientAD-main\output\13\trainings\mvtec_ad\my_product4\student_final.pth,C:\projects\efficientAD\EfficientAD-main\output\13\trainings\mvtec_ad\my_product4\autoencoder_final.pth,C:\projects\efficientAD\EfficientAD-main\output\13\trainings\mvtec_ad\my_product4\norm_params.json,
C:\projects\efficientAD\mydataset\my_product4\test\broken\001K8_0081.png,C:\projects\efficientAD\results\model13_my_product4\annotated\broken\001K8_0081_result.png,C:\projects\efficientAD\results\model13_my_product4\heatmaps\broken\001K8_0081_heatmap.png,,NORMAL,False,0.0065927039831876755,0.007144,0.0,0.025,8.061599917709827,11.623900150880218,41.164099937304854,0,0,390,484,[],weighted_ae_difference,C:\projects\efficientAD\EfficientAD-main\output\13\trainings\mvtec_ad\my_product4\student_final.pth,C:\projects\efficientAD\EfficientAD-main\output\13\trainings\mvtec_ad\my_product4\autoencoder_final.pth,C:\projects\efficientAD\EfficientAD-main\output\13\trainings\mvtec_ad\my_product4\norm_params.json,
C:\projects\efficientAD\mydataset\my_product4\test\broken\001K8_0082.png,C:\projects\efficientAD\results\model13_my_product4\annotated\broken\001K8_0082_result.png,C:\projects\efficientAD\results\model13_my_product4\heatmaps\broken\001K8_0082_heatmap.png,,NORMAL,False,0.007143807131797075,0.007144,0.0,0.025,8.048800053074956,11.349499924108386,39.71310006454587,0,0,390,484,[],weighted_ae_difference,C:\projects\efficientAD\EfficientAD-main\output\13\trainings\mvtec_ad\my_product4\student_final.pth,C:\projects\efficientAD\EfficientAD-main\output\13\trainings\mvtec_ad\my_product4\autoencoder_final.pth,C:\projects\efficientAD\EfficientAD-main\output\13\trainings\mvtec_ad\my_product4\norm_params.json,
C:\projects\efficientAD\mydataset\my_product4\test\broken\001K8_0084.png,C:\projects\efficientAD\results\model13_my_product4\annotated\broken\001K8_0084_result.png,C:\projects\efficientAD\results\model13_my_product4\heatmaps\broken\001K8_0084_heatmap.png,C:\projects\efficientAD\results\model13_my_product4\anomaly_heatmaps\broken\001K8_0084_heatmap.png,ANOMALY,True,0.011506417766213417,0.007144,0.0,0.025,8.354200050234795,11.554599972441792,46.36939987540245,0,0,390,484,[],weighted_ae_difference,C:\projects\efficientAD\EfficientAD-main\output\13\trainings\mvtec_ad\my_product4\student_final.pth,C:\projects\efficientAD\EfficientAD-main\output\13\trainings\mvtec_ad\my_product4\autoencoder_final.pth,C:\projects\efficientAD\EfficientAD-main\output\13\trainings\mvtec_ad\my_product4\norm_params.json,
C:\projects\efficientAD\mydataset\my_product4\test\broken\001K8_0085.png,C:\projects\efficientAD\results\model13_my_product4\annotated\broken\001K8_0085_result.png,C:\projects\efficientAD\results\model13_my_product4\heatmaps\broken\001K8_0085_heatmap.png,C:\projects\efficientAD\results\model13_my_product4\anomaly_heatmaps\broken\001K8_0085_heatmap.png,ANOMALY,True,0.010604378767311573,0.007144,0.0,0.025,8.044500136747956,11.342500103637576,45.674500055611134,0,0,390,484,[],weighted_ae_difference,C:\projects\efficientAD\EfficientAD-main\output\13\trainings\mvtec_ad\my_product4\student_final.pth,C:\projects\efficientAD\EfficientAD-main\output\13\trainings\mvtec_ad\my_product4\autoencoder_final.pth,C:\projects\efficientAD\EfficientAD-main\output\13\trainings\mvtec_ad\my_product4\norm_params.json,
C:\projects\efficientAD\mydataset\my_product4\test\broken\001K8_0086.png,C:\projects\efficientAD\results\model13_my_product4\annotated\broken\001K8_0086_result.png,C:\projects\efficientAD\results\model13_my_product4\heatmaps\broken\001K8_0086_heatmap.png,C:\projects\efficientAD\results\model13_my_product4\anomaly_heatmaps\broken\001K8_0086_heatmap.png,ANOMALY,True,0.011331952176988125,0.007144,0.0,0.025,8.11660010367632,11.71090011484921,49.30139984935522,0,0,390,484,[],weighted_ae_difference,C:\projects\efficientAD\EfficientAD-main\output\13\trainings\mvtec_ad\my_product4\student_final.pth,C:\projects\efficientAD\EfficientAD-main\output\13\trainings\mvtec_ad\my_product4\autoencoder_final.pth,C:\projects\efficientAD\EfficientAD-main\output\13\trainings\mvtec_ad\my_product4\norm_params.json,
C:\projects\efficientAD\mydataset\my_product4\test\broken\001K8_0088.png,C:\projects\efficientAD\results\model13_my_product4\annotated\broken\001K8_0088_result.png,C:\projects\efficientAD\results\model13_my_product4\heatmaps\broken\001K8_0088_heatmap.png,C:\projects\efficientAD\results\model13_my_product4\anomaly_heatmaps\broken\001K8_0088_heatmap.png,ANOMALY,True,0.016603296622633934,0.007144,0.0,0.025,8.140900172293186,11.601099977269769,47.290500020608306,0,0,390,484,[],weighted_ae_difference,C:\projects\efficientAD\EfficientAD-main\output\13\trainings\mvtec_ad\my_product4\student_final.pth,C:\projects\efficientAD\EfficientAD-main\output\13\trainings\mvtec_ad\my_product4\autoencoder_final.pth,C:\projects\efficientAD\EfficientAD-main\output\13\trainings\mvtec_ad\my_product4\norm_params.json,
C:\projects\efficientAD\mydataset\my_product4\test\broken\001K8_0090.png,C:\projects\efficientAD\results\model13_my_product4\annotated\broken\001K8_0090_result.png,C:\projects\efficientAD\results\model13_my_product4\heatmaps\broken\001K8_0090_heatmap.png,C:\projects\efficientAD\results\model13_my_product4\anomaly_heatmaps\broken\001K8_0090_heatmap.png,ANOMALY,True,0.012196308001875877,0.007144,0.0,0.025,8.23139981366694,11.887399945408106,46.779199969023466,0,0,390,484,[],weighted_ae_difference,C:\projects\efficientAD\EfficientAD-main\output\13\trainings\mvtec_ad\my_product4\student_final.pth,C:\projects\efficientAD\EfficientAD-main\output\13\trainings\mvtec_ad\my_product4\autoencoder_final.pth,C:\projects\efficientAD\EfficientAD-main\output\13\trainings\mvtec_ad\my_product4\norm_params.json,
C:\projects\efficientAD\mydataset\my_product4\test\broken\001K8_0091.png,C:\projects\efficientAD\results\model13_my_product4\annotated\broken\001K8_0091_result.png,C:\projects\efficientAD\results\model13_my_product4\heatmaps\broken\001K8_0091_heatmap.png,C:\projects\efficientAD\results\model13_my_product4\anomaly_heatmaps\broken\001K8_0091_heatmap.png,ANOMALY,True,0.013551845215260983,0.007144,0.0,0.025,8.259199792519212,11.752899968996644,49.10599999129772,0,0,390,484,[],weighted_ae_difference,C:\projects\efficientAD\EfficientAD-main\output\13\trainings\mvtec_ad\my_product4\student_final.pth,C:\projects\efficientAD\EfficientAD-main\output\13\trainings\mvtec_ad\my_product4\autoencoder_final.pth,C:\projects\efficientAD\EfficientAD-main\output\13\trainings\mvtec_ad\my_product4\norm_params.json,
C:\projects\efficientAD\mydataset\my_product4\test\broken\001K8_0092.png,C:\projects\efficientAD\results\model13_my_product4\annotated\broken\001K8_0092_result.png,C:\projects\efficientAD\results\model13_my_product4\heatmaps\broken\001K8_0092_heatmap.png,C:\projects\efficientAD\results\model13_my_product4\anomaly_heatmaps\broken\001K8_0092_heatmap.png,ANOMALY,True,0.011067359708249569,0.007144,0.0,0.025,8.206699974834919,11.40410010702908,44.09269988536835,0,0,390,484,[],weighted_ae_difference,C:\projects\efficientAD\EfficientAD-main\output\13\trainings\mvtec_ad\my_product4\student_final.pth,C:\projects\efficientAD\EfficientAD-main\output\13\trainings\mvtec_ad\my_product4\autoencoder_final.pth,C:\projects\efficientAD\EfficientAD-main\output\13\trainings\mvtec_ad\my_product4\norm_params.json,
C:\projects\efficientAD\mydataset\my_product4\test\broken\001K8_0093.png,C:\projects\efficientAD\results\model13_my_product4\annotated\broken\001K8_0093_result.png,C:\projects\efficientAD\results\model13_my_product4\heatmaps\broken\001K8_0093_heatmap.png,C:\projects\efficientAD\results\model13_my_product4\anomaly_heatmaps\broken\001K8_0093_heatmap.png,ANOMALY,True,0.011878891848027706,0.007144,0.0,0.025,8.083299966529012,11.550599941983819,44.16299983859062,0,0,390,484,[],weighted_ae_difference,C:\projects\efficientAD\EfficientAD-main\output\13\trainings\mvtec_ad\my_product4\student_final.pth,C:\projects\efficientAD\EfficientAD-main\output\13\trainings\mvtec_ad\my_product4\autoencoder_final.pth,C:\projects\efficientAD\EfficientAD-main\output\13\trainings\mvtec_ad\my_product4\norm_params.json,
C:\projects\efficientAD\mydataset\my_product4\test\broken\001K8_0094.png,C:\projects\efficientAD\results\model13_my_product4\annotated\broken\001K8_0094_result.png,C:\projects\efficientAD\results\model13_my_product4\heatmaps\broken\001K8_0094_heatmap.png,,NORMAL,False,0.005944305099546909,0.007144,0.0,0.025,8.203999837860465,11.831700103357434,41.321200085803866,0,0,390,484,[],weighted_ae_difference,C:\projects\efficientAD\EfficientAD-main\output\13\trainings\mvtec_ad\my_product4\student_final.pth,C:\projects\efficientAD\EfficientAD-main\output\13\trainings\mvtec_ad\my_product4\autoencoder_final.pth,C:\projects\efficientAD\EfficientAD-main\output\13\trainings\mvtec_ad\my_product4\norm_params.json,
C:\projects\efficientAD\mydataset\my_product4\test\broken\001K8_0096.png,C:\projects\efficientAD\results\model13_my_product4\annotated\broken\001K8_0096_result.png,C:\projects\efficientAD\results\model13_my_product4\heatmaps\broken\001K8_0096_heatmap.png,C:\projects\efficientAD\results\model13_my_product4\anomaly_heatmaps\broken\001K8_0096_heatmap.png,ANOMALY,True,0.011495843529701233,0.007144,0.0,0.025,8.080600062385201,11.218699859455228,44.38079986721277,0,0,390,484,[],weighted_ae_difference,C:\projects\efficientAD\EfficientAD-main\output\13\trainings\mvtec_ad\my_product4\student_final.pth,C:\projects\efficientAD\EfficientAD-main\output\13\trainings\mvtec_ad\my_product4\autoencoder_final.pth,C:\projects\efficientAD\EfficientAD-main\output\13\trainings\mvtec_ad\my_product4\norm_params.json,
C:\projects\efficientAD\mydataset\my_product4\test\broken\001K8_0097.png,C:\projects\efficientAD\results\model13_my_product4\annotated\broken\001K8_0097_result.png,C:\projects\efficientAD\results\model13_my_product4\heatmaps\broken\001K8_0097_heatmap.png,C:\projects\efficientAD\results\model13_my_product4\anomaly_heatmaps\broken\001K8_0097_heatmap.png,ANOMALY,True,0.013849586248397827,0.007144,0.0,0.025,8.078600047156215,11.60850003361702,46.583899995312095,0,0,390,484,[],weighted_ae_difference,C:\projects\efficientAD\EfficientAD-main\output\13\trainings\mvtec_ad\my_product4\student_final.pth,C:\projects\efficientAD\EfficientAD-main\output\13\trainings\mvtec_ad\my_product4\autoencoder_final.pth,C:\projects\efficientAD\EfficientAD-main\output\13\trainings\mvtec_ad\my_product4\norm_params.json,
C:\projects\efficientAD\mydataset\my_product4\test\broken\001K8_0100.png,C:\projects\efficientAD\results\model13_my_product4\annotated\broken\001K8_0100_result.png,C:\projects\efficientAD\results\model13_my_product4\heatmaps\broken\001K8_0100_heatmap.png,C:\projects\efficientAD\results\model13_my_product4\anomaly_heatmaps\broken\001K8_0100_heatmap.png,ANOMALY,True,0.01480413880199194,0.007144,0.0,0.025,8.103800006210804,11.582399951294065,45.435900101438165,0,0,390,484,[],weighted_ae_difference,C:\projects\efficientAD\EfficientAD-main\output\13\trainings\mvtec_ad\my_product4\student_final.pth,C:\projects\efficientAD\EfficientAD-main\output\13\trainings\mvtec_ad\my_product4\autoencoder_final.pth,C:\projects\efficientAD\EfficientAD-main\output\13\trainings\mvtec_ad\my_product4\norm_params.json,
C:\projects\efficientAD\mydataset\my_product4\test\broken\001K8_0103.png,C:\projects\efficientAD\results\model13_my_product4\annotated\broken\001K8_0103_result.png,C:\projects\efficientAD\results\model13_my_product4\heatmaps\broken\001K8_0103_heatmap.png,C:\projects\efficientAD\results\model13_my_product4\anomaly_heatmaps\broken\001K8_0103_heatmap.png,ANOMALY,True,0.008841228671371937,0.007144,0.0,0.025,8.116899989545345,11.443299939855933,45.020499965175986,0,0,390,484,[],weighted_ae_difference,C:\projects\efficientAD\EfficientAD-main\output\13\trainings\mvtec_ad\my_product4\student_final.pth,C:\projects\efficientAD\EfficientAD-main\output\13\trainings\mvtec_ad\my_product4\autoencoder_final.pth,C:\projects\efficientAD\EfficientAD-main\output\13\trainings\mvtec_ad\my_product4\norm_params.json,
C:\projects\efficientAD\mydataset\my_product4\test\broken\001K8_0104.png,C:\projects\efficientAD\results\model13_my_product4\annotated\broken\001K8_0104_result.png,C:\projects\efficientAD\results\model13_my_product4\heatmaps\broken\001K8_0104_heatmap.png,C:\projects\efficientAD\results\model13_my_product4\anomaly_heatmaps\broken\001K8_0104_heatmap.png,ANOMALY,True,0.007738339714705944,0.007144,0.0,0.025,8.37239995598793,11.626399820670485,45.31840002164245,0,0,390,484,[],weighted_ae_difference,C:\projects\efficientAD\EfficientAD-main\output\13\trainings\mvtec_ad\my_product4\student_final.pth,C:\projects\efficientAD\EfficientAD-main\output\13\trainings\mvtec_ad\my_product4\autoencoder_final.pth,C:\projects\efficientAD\EfficientAD-main\output\13\trainings\mvtec_ad\my_product4\norm_params.json,
C:\projects\efficientAD\mydataset\my_product4\test\broken\001K8_0105.png,C:\projects\efficientAD\results\model13_my_product4\annotated\broken\001K8_0105_result.png,C:\projects\efficientAD\results\model13_my_product4\heatmaps\broken\001K8_0105_heatmap.png,,NORMAL,False,0.005626800935715437,0.007144,0.0,0.025,8.102500112727284,11.458700057119131,39.70570000819862,0,0,390,484,[],weighted_ae_difference,C:\projects\efficientAD\EfficientAD-main\output\13\trainings\mvtec_ad\my_product4\student_final.pth,C:\projects\efficientAD\EfficientAD-main\output\13\trainings\mvtec_ad\my_product4\autoencoder_final.pth,C:\projects\efficientAD\EfficientAD-main\output\13\trainings\mvtec_ad\my_product4\norm_params.json,
C:\projects\efficientAD\mydataset\my_product4\test\broken\001K8_0106.png,C:\projects\efficientAD\results\model13_my_product4\annotated\broken\001K8_0106_result.png,C:\projects\efficientAD\results\model13_my_product4\heatmaps\broken\001K8_0106_heatmap.png,,NORMAL,False,0.0049791703931987286,0.007144,0.0,0.025,8.137100143358111,11.724399868398905,39.89799995906651,0,0,390,484,[],weighted_ae_difference,C:\projects\efficientAD\EfficientAD-main\output\13\trainings\mvtec_ad\my_product4\student_final.pth,C:\projects\efficientAD\EfficientAD-main\output\13\trainings\mvtec_ad\my_product4\autoencoder_final.pth,C:\projects\efficientAD\EfficientAD-main\output\13\trainings\mvtec_ad\my_product4\norm_params.json,
C:\projects\efficientAD\mydataset\my_product4\test\broken\001K8_0107.png,C:\projects\efficientAD\results\model13_my_product4\annotated\broken\001K8_0107_result.png,C:\projects\efficientAD\results\model13_my_product4\heatmaps\broken\001K8_0107_heatmap.png,C:\projects\efficientAD\results\model13_my_product4\anomaly_heatmaps\broken\001K8_0107_heatmap.png,ANOMALY,True,0.010803241282701492,0.007144,0.0,0.025,8.123900042846799,11.438299901783466,44.79010007344186,0,0,390,484,[],weighted_ae_difference,C:\projects\efficientAD\EfficientAD-main\output\13\trainings\mvtec_ad\my_product4\student_final.pth,C:\projects\efficientAD\EfficientAD-main\output\13\trainings\mvtec_ad\my_product4\autoencoder_final.pth,C:\projects\efficientAD\EfficientAD-main\output\13\trainings\mvtec_ad\my_product4\norm_params.json,
C:\projects\efficientAD\mydataset\my_product4\test\broken\001K8_0108.png,C:\projects\efficientAD\results\model13_my_product4\annotated\broken\001K8_0108_result.png,C:\projects\efficientAD\results\model13_my_product4\heatmaps\broken\001K8_0108_heatmap.png,C:\projects\efficientAD\results\model13_my_product4\anomaly_heatmaps\broken\001K8_0108_heatmap.png,ANOMALY,True,0.012185792438685894,0.007144,0.0,0.025,8.083899971097708,11.466399999335408,45.64769985154271,0,0,390,484,[],weighted_ae_difference,C:\projects\efficientAD\EfficientAD-main\output\13\trainings\mvtec_ad\my_product4\student_final.pth,C:\projects\efficientAD\EfficientAD-main\output\13\trainings\mvtec_ad\my_product4\autoencoder_final.pth,C:\projects\efficientAD\EfficientAD-main\output\13\trainings\mvtec_ad\my_product4\norm_params.json,
C:\projects\efficientAD\mydataset\my_product4\test\broken\001K8_0110.png,C:\projects\efficientAD\results\model13_my_product4\annotated\broken\001K8_0110_result.png,C:\projects\efficientAD\results\model13_my_product4\heatmaps\broken\001K8_0110_heatmap.png,C:\projects\efficientAD\results\model13_my_product4\anomaly_heatmaps\broken\001K8_0110_heatmap.png,ANOMALY,True,0.01698235236108303,0.007144,0.0,0.025,8.122200146317482,11.714100139215589,45.849200105294585,0,0,390,484,[],weighted_ae_difference,C:\projects\efficientAD\EfficientAD-main\output\13\trainings\mvtec_ad\my_product4\student_final.pth,C:\projects\efficientAD\EfficientAD-main\output\13\trainings\mvtec_ad\my_product4\autoencoder_final.pth,C:\projects\efficientAD\EfficientAD-main\output\13\trainings\mvtec_ad\my_product4\norm_params.json,
C:\projects\efficientAD\mydataset\my_product4\test\broken\001K8_0112.png,C:\projects\efficientAD\results\model13_my_product4\annotated\broken\001K8_0112_result.png,C:\projects\efficientAD\results\model13_my_product4\heatmaps\broken\001K8_0112_heatmap.png,C:\projects\efficientAD\results\model13_my_product4\anomaly_heatmaps\broken\001K8_0112_heatmap.png,ANOMALY,True,0.014742421917617321,0.007144,0.0,0.025,8.149400120601058,11.59929996356368,45.034100068733096,0,0,390,484,[],weighted_ae_difference,C:\projects\efficientAD\EfficientAD-main\output\13\trainings\mvtec_ad\my_product4\student_final.pth,C:\projects\efficientAD\EfficientAD-main\output\13\trainings\mvtec_ad\my_product4\autoencoder_final.pth,C:\projects\efficientAD\EfficientAD-main\output\13\trainings\mvtec_ad\my_product4\norm_params.json,
C:\projects\efficientAD\mydataset\my_product4\test\broken\001K8_0113.png,C:\projects\efficientAD\results\model13_my_product4\annotated\broken\001K8_0113_result.png,C:\projects\efficientAD\results\model13_my_product4\heatmaps\broken\001K8_0113_heatmap.png,C:\projects\efficientAD\results\model13_my_product4\anomaly_heatmaps\broken\001K8_0113_heatmap.png,ANOMALY,True,0.009665546007454395,0.007144,0.0,0.025,8.449699962511659,11.612700065597892,44.939300045371056,0,0,390,484,[],weighted_ae_difference,C:\projects\efficientAD\EfficientAD-main\output\13\trainings\mvtec_ad\my_product4\student_final.pth,C:\projects\efficientAD\EfficientAD-main\output\13\trainings\mvtec_ad\my_product4\autoencoder_final.pth,C:\projects\efficientAD\EfficientAD-main\output\13\trainings\mvtec_ad\my_product4\norm_params.json,
C:\projects\efficientAD\mydataset\my_product4\test\broken\001K8_0114.png,C:\projects\efficientAD\results\model13_my_product4\annotated\broken\001K8_0114_result.png,C:\projects\efficientAD\results\model13_my_product4\heatmaps\broken\001K8_0114_heatmap.png,C:\projects\efficientAD\results\model13_my_product4\anomaly_heatmaps\broken\001K8_0114_heatmap.png,ANOMALY,True,0.01203226950019598,0.007144,0.0,0.025,8.022000081837177,11.317199794575572,43.49429998546839,0,0,390,484,[],weighted_ae_difference,C:\projects\efficientAD\EfficientAD-main\output\13\trainings\mvtec_ad\my_product4\student_final.pth,C:\projects\efficientAD\EfficientAD-main\output\13\trainings\mvtec_ad\my_product4\autoencoder_final.pth,C:\projects\efficientAD\EfficientAD-main\output\13\trainings\mvtec_ad\my_product4\norm_params.json,
C:\projects\efficientAD\mydataset\my_product4\test\broken\001K8_0115.png,C:\projects\efficientAD\results\model13_my_product4\annotated\broken\001K8_0115_result.png,C:\projects\efficientAD\results\model13_my_product4\heatmaps\broken\001K8_0115_heatmap.png,C:\projects\efficientAD\results\model13_my_product4\anomaly_heatmaps\broken\001K8_0115_heatmap.png,ANOMALY,True,0.013297054916620255,0.007144,0.0,0.025,8.488900028169155,11.850800132378936,47.025399981066585,0,0,390,484,[],weighted_ae_difference,C:\projects\efficientAD\EfficientAD-main\output\13\trainings\mvtec_ad\my_product4\student_final.pth,C:\projects\efficientAD\EfficientAD-main\output\13\trainings\mvtec_ad\my_product4\autoencoder_final.pth,C:\projects\efficientAD\EfficientAD-main\output\13\trainings\mvtec_ad\my_product4\norm_params.json,
C:\projects\efficientAD\mydataset\my_product4\test\broken\001K8_0116.png,C:\projects\efficientAD\results\model13_my_product4\annotated\broken\001K8_0116_result.png,C:\projects\efficientAD\results\model13_my_product4\heatmaps\broken\001K8_0116_heatmap.png,C:\projects\efficientAD\results\model13_my_product4\anomaly_heatmaps\broken\001K8_0116_heatmap.png,ANOMALY,True,0.016370754688978195,0.007144,0.0,0.025,8.092799922451377,11.568499961867929,46.61040008068085,0,0,390,484,[],weighted_ae_difference,C:\projects\efficientAD\EfficientAD-main\output\13\trainings\mvtec_ad\my_product4\student_final.pth,C:\projects\efficientAD\EfficientAD-main\output\13\trainings\mvtec_ad\my_product4\autoencoder_final.pth,C:\projects\efficientAD\EfficientAD-main\output\13\trainings\mvtec_ad\my_product4\norm_params.json,
C:\projects\efficientAD\mydataset\my_product4\test\broken\001K8_0117.png,C:\projects\efficientAD\results\model13_my_product4\annotated\broken\001K8_0117_result.png,C:\projects\efficientAD\results\model13_my_product4\heatmaps\broken\001K8_0117_heatmap.png,C:\projects\efficientAD\results\model13_my_product4\anomaly_heatmaps\broken\001K8_0117_heatmap.png,ANOMALY,True,0.015583865344524384,0.007144,0.0,0.025,8.236499968916178,11.755800107493997,45.105200028046966,0,0,390,484,[],weighted_ae_difference,C:\projects\efficientAD\EfficientAD-main\output\13\trainings\mvtec_ad\my_product4\student_final.pth,C:\projects\efficientAD\EfficientAD-main\output\13\trainings\mvtec_ad\my_product4\autoencoder_final.pth,C:\projects\efficientAD\EfficientAD-main\output\13\trainings\mvtec_ad\my_product4\norm_params.json,
C:\projects\efficientAD\mydataset\my_product4\test\broken\001K8_0119.png,C:\projects\efficientAD\results\model13_my_product4\annotated\broken\001K8_0119_result.png,C:\projects\efficientAD\results\model13_my_product4\heatmaps\broken\001K8_0119_heatmap.png,C:\projects\efficientAD\results\model13_my_product4\anomaly_heatmaps\broken\001K8_0119_heatmap.png,ANOMALY,True,0.011402681469917297,0.007144,0.0,0.025,8.111200062558055,11.527399998158216,45.17369996756315,0,0,390,484,[],weighted_ae_difference,C:\projects\efficientAD\EfficientAD-main\output\13\trainings\mvtec_ad\my_product4\student_final.pth,C:\projects\efficientAD\EfficientAD-main\output\13\trainings\mvtec_ad\my_product4\autoencoder_final.pth,C:\projects\efficientAD\EfficientAD-main\output\13\trainings\mvtec_ad\my_product4\norm_params.json,
C:\projects\efficientAD\mydataset\my_product4\test\broken\001K8_0120.png,C:\projects\efficientAD\results\model13_my_product4\annotated\broken\001K8_0120_result.png,C:\projects\efficientAD\results\model13_my_product4\heatmaps\broken\001K8_0120_heatmap.png,,NORMAL,False,0.006220743525773287,0.007144,0.0,0.025,8.213600143790245,11.476099956780672,40.89960013516247,0,0,390,484,[],weighted_ae_difference,C:\projects\efficientAD\EfficientAD-main\output\13\trainings\mvtec_ad\my_product4\student_final.pth,C:\projects\efficientAD\EfficientAD-main\output\13\trainings\mvtec_ad\my_product4\autoencoder_final.pth,C:\projects\efficientAD\EfficientAD-main\output\13\trainings\mvtec_ad\my_product4\norm_params.json,
C:\projects\efficientAD\mydataset\my_product4\test\broken\001K8_0178.png,C:\projects\efficientAD\results\model13_my_product4\annotated\broken\001K8_0178_result.png,C:\projects\efficientAD\results\model13_my_product4\heatmaps\broken\001K8_0178_heatmap.png,C:\projects\efficientAD\results\model13_my_product4\anomaly_heatmaps\broken\001K8_0178_heatmap.png,ANOMALY,True,0.01088192779570818,0.007144,0.0,0.025,8.085200097411871,11.84990000911057,44.20069977641106,0,0,390,484,[],weighted_ae_difference,C:\projects\efficientAD\EfficientAD-main\output\13\trainings\mvtec_ad\my_product4\student_final.pth,C:\projects\efficientAD\EfficientAD-main\output\13\trainings\mvtec_ad\my_product4\autoencoder_final.pth,C:\projects\efficientAD\EfficientAD-main\output\13\trainings\mvtec_ad\my_product4\norm_params.json,
C:\projects\efficientAD\mydataset\my_product4\test\broken\001K8_0181.png,C:\projects\efficientAD\results\model13_my_product4\annotated\broken\001K8_0181_result.png,C:\projects\efficientAD\results\model13_my_product4\heatmaps\broken\001K8_0181_heatmap.png,C:\projects\efficientAD\results\model13_my_product4\anomaly_heatmaps\broken\001K8_0181_heatmap.png,ANOMALY,True,0.009803124703466892,0.007144,0.0,0.025,8.05420009419322,11.422399897128344,43.957400135695934,0,0,390,484,[],weighted_ae_difference,C:\projects\efficientAD\EfficientAD-main\output\13\trainings\mvtec_ad\my_product4\student_final.pth,C:\projects\efficientAD\EfficientAD-main\output\13\trainings\mvtec_ad\my_product4\autoencoder_final.pth,C:\projects\efficientAD\EfficientAD-main\output\13\trainings\mvtec_ad\my_product4\norm_params.json,
C:\projects\efficientAD\mydataset\my_product4\test\broken\001K8_0182.png,C:\projects\efficientAD\results\model13_my_product4\annotated\broken\001K8_0182_result.png,C:\projects\efficientAD\results\model13_my_product4\heatmaps\broken\001K8_0182_heatmap.png,C:\projects\efficientAD\results\model13_my_product4\anomaly_heatmaps\broken\001K8_0182_heatmap.png,ANOMALY,True,0.012571021914482117,0.007144,0.0,0.025,8.078099926933646,11.772400001063943,45.52710009738803,0,0,390,484,[],weighted_ae_difference,C:\projects\efficientAD\EfficientAD-main\output\13\trainings\mvtec_ad\my_product4\student_final.pth,C:\projects\efficientAD\EfficientAD-main\output\13\trainings\mvtec_ad\my_product4\autoencoder_final.pth,C:\projects\efficientAD\EfficientAD-main\output\13\trainings\mvtec_ad\my_product4\norm_params.json,
C:\projects\efficientAD\mydataset\my_product4\test\broken\001K8_0183.png,C:\projects\efficientAD\results\model13_my_product4\annotated\broken\001K8_0183_result.png,C:\projects\efficientAD\results\model13_my_product4\heatmaps\broken\001K8_0183_heatmap.png,C:\projects\efficientAD\results\model13_my_product4\anomaly_heatmaps\broken\001K8_0183_heatmap.png,ANOMALY,True,0.011324763298034668,0.007144,0.0,0.025,8.056099992245436,11.594100156798959,44.81240012682974,0,0,390,484,[],weighted_ae_difference,C:\projects\efficientAD\EfficientAD-main\output\13\trainings\mvtec_ad\my_product4\student_final.pth,C:\projects\efficientAD\EfficientAD-main\output\13\trainings\mvtec_ad\my_product4\autoencoder_final.pth,C:\projects\efficientAD\EfficientAD-main\output\13\trainings\mvtec_ad\my_product4\norm_params.json,
C:\projects\efficientAD\mydataset\my_product4\test\broken\001K8_0184.png,C:\projects\efficientAD\results\model13_my_product4\annotated\broken\001K8_0184_result.png,C:\projects\efficientAD\results\model13_my_product4\heatmaps\broken\001K8_0184_heatmap.png,,NORMAL,False,0.004263251554220915,0.007144,0.0,0.025,8.288299897685647,11.562499916180968,40.297500090673566,0,0,390,484,[],weighted_ae_difference,C:\projects\efficientAD\EfficientAD-main\output\13\trainings\mvtec_ad\my_product4\student_final.pth,C:\projects\efficientAD\EfficientAD-main\output\13\trainings\mvtec_ad\my_product4\autoencoder_final.pth,C:\projects\efficientAD\EfficientAD-main\output\13\trainings\mvtec_ad\my_product4\norm_params.json,
C:\projects\efficientAD\mydataset\my_product4\test\broken\001K8_0185.png,C:\projects\efficientAD\results\model13_my_product4\annotated\broken\001K8_0185_result.png,C:\projects\efficientAD\results\model13_my_product4\heatmaps\broken\001K8_0185_heatmap.png,,NORMAL,False,0.00550792645663023,0.007144,0.0,0.025,8.17720009945333,11.657899944111705,40.9143001306802,0,0,390,484,[],weighted_ae_difference,C:\projects\efficientAD\EfficientAD-main\output\13\trainings\mvtec_ad\my_product4\student_final.pth,C:\projects\efficientAD\EfficientAD-main\output\13\trainings\mvtec_ad\my_product4\autoencoder_final.pth,C:\projects\efficientAD\EfficientAD-main\output\13\trainings\mvtec_ad\my_product4\norm_params.json,
C:\projects\efficientAD\mydataset\my_product4\test\broken\001K8_0186.png,C:\projects\efficientAD\results\model13_my_product4\annotated\broken\001K8_0186_result.png,C:\projects\efficientAD\results\model13_my_product4\heatmaps\broken\001K8_0186_heatmap.png,C:\projects\efficientAD\results\model13_my_product4\anomaly_heatmaps\broken\001K8_0186_heatmap.png,ANOMALY,True,0.009751331061124802,0.007144,0.0,0.025,8.149799890816212,11.73879997804761,44.69250002875924,0,0,390,484,[],weighted_ae_difference,C:\projects\efficientAD\EfficientAD-main\output\13\trainings\mvtec_ad\my_product4\student_final.pth,C:\projects\efficientAD\EfficientAD-main\output\13\trainings\mvtec_ad\my_product4\autoencoder_final.pth,C:\projects\efficientAD\EfficientAD-main\output\13\trainings\mvtec_ad\my_product4\norm_params.json,
C:\projects\efficientAD\mydataset\my_product4\test\broken\001K8_0188.png,C:\projects\efficientAD\results\model13_my_product4\annotated\broken\001K8_0188_result.png,C:\projects\efficientAD\results\model13_my_product4\heatmaps\broken\001K8_0188_heatmap.png,C:\projects\efficientAD\results\model13_my_product4\anomaly_heatmaps\broken\001K8_0188_heatmap.png,ANOMALY,True,0.012609867379069328,0.007144,0.0,0.025,8.308699820190668,12.035900028422475,44.927800074219704,0,0,390,484,[],weighted_ae_difference,C:\projects\efficientAD\EfficientAD-main\output\13\trainings\mvtec_ad\my_product4\student_final.pth,C:\projects\efficientAD\EfficientAD-main\output\13\trainings\mvtec_ad\my_product4\autoencoder_final.pth,C:\projects\efficientAD\EfficientAD-main\output\13\trainings\mvtec_ad\my_product4\norm_params.json,
C:\projects\efficientAD\mydataset\my_product4\test\broken\001K8_0190.png,C:\projects\efficientAD\results\model13_my_product4\annotated\broken\001K8_0190_result.png,C:\projects\efficientAD\results\model13_my_product4\heatmaps\broken\001K8_0190_heatmap.png,C:\projects\efficientAD\results\model13_my_product4\anomaly_heatmaps\broken\001K8_0190_heatmap.png,ANOMALY,True,0.010962706059217453,0.007144,0.0,0.025,8.14490020275116,11.335500050336123,42.78589994646609,0,0,390,484,[],weighted_ae_difference,C:\projects\efficientAD\EfficientAD-main\output\13\trainings\mvtec_ad\my_product4\student_final.pth,C:\projects\efficientAD\EfficientAD-main\output\13\trainings\mvtec_ad\my_product4\autoencoder_final.pth,C:\projects\efficientAD\EfficientAD-main\output\13\trainings\mvtec_ad\my_product4\norm_params.json,
C:\projects\efficientAD\mydataset\my_product4\test\broken\001K8_0210.png,C:\projects\efficientAD\results\model13_my_product4\annotated\broken\001K8_0210_result.png,C:\projects\efficientAD\results\model13_my_product4\heatmaps\broken\001K8_0210_heatmap.png,C:\projects\efficientAD\results\model13_my_product4\anomaly_heatmaps\broken\001K8_0210_heatmap.png,ANOMALY,True,0.017201116308569908,0.007144,0.0,0.025,8.159399963915348,11.363100027665496,44.598500011488795,0,0,390,484,[],weighted_ae_difference,C:\projects\efficientAD\EfficientAD-main\output\13\trainings\mvtec_ad\my_product4\student_final.pth,C:\projects\efficientAD\EfficientAD-main\output\13\trainings\mvtec_ad\my_product4\autoencoder_final.pth,C:\projects\efficientAD\EfficientAD-main\output\13\trainings\mvtec_ad\my_product4\norm_params.json,
C:\projects\efficientAD\mydataset\my_product4\test\broken\001K8_0243.png,C:\projects\efficientAD\results\model13_my_product4\annotated\broken\001K8_0243_result.png,C:\projects\efficientAD\results\model13_my_product4\heatmaps\broken\001K8_0243_heatmap.png,C:\projects\efficientAD\results\model13_my_product4\anomaly_heatmaps\broken\001K8_0243_heatmap.png,ANOMALY,True,0.015174954198300838,0.007144,0.0,0.025,8.211900014430285,11.780699947848916,45.46030005440116,0,0,390,484,[],weighted_ae_difference,C:\projects\efficientAD\EfficientAD-main\output\13\trainings\mvtec_ad\my_product4\student_final.pth,C:\projects\efficientAD\EfficientAD-main\output\13\trainings\mvtec_ad\my_product4\autoencoder_final.pth,C:\projects\efficientAD\EfficientAD-main\output\13\trainings\mvtec_ad\my_product4\norm_params.json,
C:\projects\efficientAD\mydataset\my_product4\test\broken\001K8_0244.png,C:\projects\efficientAD\results\model13_my_product4\annotated\broken\001K8_0244_result.png,C:\projects\efficientAD\results\model13_my_product4\heatmaps\broken\001K8_0244_heatmap.png,C:\projects\efficientAD\results\model13_my_product4\anomaly_heatmaps\broken\001K8_0244_heatmap.png,ANOMALY,True,0.014014258049428463,0.007144,0.0,0.025,8.084899978712201,11.66930003091693,46.761499950662255,0,0,390,484,[],weighted_ae_difference,C:\projects\efficientAD\EfficientAD-main\output\13\trainings\mvtec_ad\my_product4\student_final.pth,C:\projects\efficientAD\EfficientAD-main\output\13\trainings\mvtec_ad\my_product4\autoencoder_final.pth,C:\projects\efficientAD\EfficientAD-main\output\13\trainings\mvtec_ad\my_product4\norm_params.json,
C:\projects\efficientAD\mydataset\my_product4\test\broken\001K8_0245.png,C:\projects\efficientAD\results\model13_my_product4\annotated\broken\001K8_0245_result.png,C:\projects\efficientAD\results\model13_my_product4\heatmaps\broken\001K8_0245_heatmap.png,C:\projects\efficientAD\results\model13_my_product4\anomaly_heatmaps\broken\001K8_0245_heatmap.png,ANOMALY,True,0.014623128809034824,0.007144,0.0,0.025,8.101100102066994,11.830099858343601,44.14159990847111,0,0,390,484,[],weighted_ae_difference,C:\projects\efficientAD\EfficientAD-main\output\13\trainings\mvtec_ad\my_product4\student_final.pth,C:\projects\efficientAD\EfficientAD-main\output\13\trainings\mvtec_ad\my_product4\autoencoder_final.pth,C:\projects\efficientAD\EfficientAD-main\output\13\trainings\mvtec_ad\my_product4\norm_params.json,
C:\projects\efficientAD\mydataset\my_product4\test\broken\001K8_0246.png,C:\projects\efficientAD\results\model13_my_product4\annotated\broken\001K8_0246_result.png,C:\projects\efficientAD\results\model13_my_product4\heatmaps\broken\001K8_0246_heatmap.png,C:\projects\efficientAD\results\model13_my_product4\anomaly_heatmaps\broken\001K8_0246_heatmap.png,ANOMALY,True,0.013115349225699902,0.007144,0.0,0.025,8.08540009893477,11.333399917930365,46.132100047543645,0,0,390,484,[],weighted_ae_difference,C:\projects\efficientAD\EfficientAD-main\output\13\trainings\mvtec_ad\my_product4\student_final.pth,C:\projects\efficientAD\EfficientAD-main\output\13\trainings\mvtec_ad\my_product4\autoencoder_final.pth,C:\projects\efficientAD\EfficientAD-main\output\13\trainings\mvtec_ad\my_product4\norm_params.json,
C:\projects\efficientAD\mydataset\my_product4\test\broken\001K8_0247.png,C:\projects\efficientAD\results\model13_my_product4\annotated\broken\001K8_0247_result.png,C:\projects\efficientAD\results\model13_my_product4\heatmaps\broken\001K8_0247_heatmap.png,C:\projects\efficientAD\results\model13_my_product4\anomaly_heatmaps\broken\001K8_0247_heatmap.png,ANOMALY,True,0.013019784353673458,0.007144,0.0,0.025,8.119000121951103,11.52840000577271,44.17559993453324,0,0,390,484,[],weighted_ae_difference,C:\projects\efficientAD\EfficientAD-main\output\13\trainings\mvtec_ad\my_product4\student_final.pth,C:\projects\efficientAD\EfficientAD-main\output\13\trainings\mvtec_ad\my_product4\autoencoder_final.pth,C:\projects\efficientAD\EfficientAD-main\output\13\trainings\mvtec_ad\my_product4\norm_params.json,
C:\projects\efficientAD\mydataset\my_product4\test\broken\001K8_0248.png,C:\projects\efficientAD\results\model13_my_product4\annotated\broken\001K8_0248_result.png,C:\projects\efficientAD\results\model13_my_product4\heatmaps\broken\001K8_0248_heatmap.png,,NORMAL,False,0.005323595367372036,0.007144,0.0,0.025,8.144000079482794,11.287600034847856,39.53820001333952,0,0,390,484,[],weighted_ae_difference,C:\projects\efficientAD\EfficientAD-main\output\13\trainings\mvtec_ad\my_product4\student_final.pth,C:\projects\efficientAD\EfficientAD-main\output\13\trainings\mvtec_ad\my_product4\autoencoder_final.pth,C:\projects\efficientAD\EfficientAD-main\output\13\trainings\mvtec_ad\my_product4\norm_params.json,
C:\projects\efficientAD\mydataset\my_product4\test\broken\001K8_0250.png,C:\projects\efficientAD\results\model13_my_product4\annotated\broken\001K8_0250_result.png,C:\projects\efficientAD\results\model13_my_product4\heatmaps\broken\001K8_0250_heatmap.png,C:\projects\efficientAD\results\model13_my_product4\anomaly_heatmaps\broken\001K8_0250_heatmap.png,ANOMALY,True,0.010204282589256763,0.007144,0.0,0.025,8.01229989156127,11.303900042548776,44.35590002685785,0,0,390,484,[],weighted_ae_difference,C:\projects\efficientAD\EfficientAD-main\output\13\trainings\mvtec_ad\my_product4\student_final.pth,C:\projects\efficientAD\EfficientAD-main\output\13\trainings\mvtec_ad\my_product4\autoencoder_final.pth,C:\projects\efficientAD\EfficientAD-main\output\13\trainings\mvtec_ad\my_product4\norm_params.json,
C:\projects\efficientAD\mydataset\my_product4\test\broken\001K8_0251.png,C:\projects\efficientAD\results\model13_my_product4\annotated\broken\001K8_0251_result.png,C:\projects\efficientAD\results\model13_my_product4\heatmaps\broken\001K8_0251_heatmap.png,C:\projects\efficientAD\results\model13_my_product4\anomaly_heatmaps\broken\001K8_0251_heatmap.png,ANOMALY,True,0.010885895229876041,0.007144,0.0,0.025,8.26269993558526,11.538999853655696,45.20539985969663,0,0,390,484,[],weighted_ae_difference,C:\projects\efficientAD\EfficientAD-main\output\13\trainings\mvtec_ad\my_product4\student_final.pth,C:\projects\efficientAD\EfficientAD-main\output\13\trainings\mvtec_ad\my_product4\autoencoder_final.pth,C:\projects\efficientAD\EfficientAD-main\output\13\trainings\mvtec_ad\my_product4\norm_params.json,
C:\projects\efficientAD\mydataset\my_product4\test\broken\001K8_0252.png,C:\projects\efficientAD\results\model13_my_product4\annotated\broken\001K8_0252_result.png,C:\projects\efficientAD\results\model13_my_product4\heatmaps\broken\001K8_0252_heatmap.png,,NORMAL,False,0.005235564894974232,0.007144,0.0,0.025,8.109400048851967,11.29999989643693,38.91930007375777,0,0,390,484,[],weighted_ae_difference,C:\projects\efficientAD\EfficientAD-main\output\13\trainings\mvtec_ad\my_product4\student_final.pth,C:\projects\efficientAD\EfficientAD-main\output\13\trainings\mvtec_ad\my_product4\autoencoder_final.pth,C:\projects\efficientAD\EfficientAD-main\output\13\trainings\mvtec_ad\my_product4\norm_params.json,
C:\projects\efficientAD\mydataset\my_product4\test\broken\001K8_0254.png,C:\projects\efficientAD\results\model13_my_product4\annotated\broken\001K8_0254_result.png,C:\projects\efficientAD\results\model13_my_product4\heatmaps\broken\001K8_0254_heatmap.png,C:\projects\efficientAD\results\model13_my_product4\anomaly_heatmaps\broken\001K8_0254_heatmap.png,ANOMALY,True,0.019068850204348564,0.007144,0.0,0.025,8.330900222063065,11.459900066256523,45.75149994343519,0,0,390,484,[],weighted_ae_difference,C:\projects\efficientAD\EfficientAD-main\output\13\trainings\mvtec_ad\my_product4\student_final.pth,C:\projects\efficientAD\EfficientAD-main\output\13\trainings\mvtec_ad\my_product4\autoencoder_final.pth,C:\projects\efficientAD\EfficientAD-main\output\13\trainings\mvtec_ad\my_product4\norm_params.json,
C:\projects\efficientAD\mydataset\my_product4\test\broken\001K8_0255.png,C:\projects\efficientAD\results\model13_my_product4\annotated\broken\001K8_0255_result.png,C:\projects\efficientAD\results\model13_my_product4\heatmaps\broken\001K8_0255_heatmap.png,C:\projects\efficientAD\results\model13_my_product4\anomaly_heatmaps\broken\001K8_0255_heatmap.png,ANOMALY,True,0.014765901491045952,0.007144,0.0,0.025,8.129500085487962,11.240300023928285,45.56789994239807,0,0,390,484,[],weighted_ae_difference,C:\projects\efficientAD\EfficientAD-main\output\13\trainings\mvtec_ad\my_product4\student_final.pth,C:\projects\efficientAD\EfficientAD-main\output\13\trainings\mvtec_ad\my_product4\autoencoder_final.pth,C:\projects\efficientAD\EfficientAD-main\output\13\trainings\mvtec_ad\my_product4\norm_params.json,
C:\projects\efficientAD\mydataset\my_product4\test\broken\001K8_0256.png,C:\projects\efficientAD\results\model13_my_product4\annotated\broken\001K8_0256_result.png,C:\projects\efficientAD\results\model13_my_product4\heatmaps\broken\001K8_0256_heatmap.png,C:\projects\efficientAD\results\model13_my_product4\anomaly_heatmaps\broken\001K8_0256_heatmap.png,ANOMALY,True,0.009614337235689163,0.007144,0.0,0.025,8.147899992763996,11.37849991209805,44.00660004466772,0,0,390,484,[],weighted_ae_difference,C:\projects\efficientAD\EfficientAD-main\output\13\trainings\mvtec_ad\my_product4\student_final.pth,C:\projects\efficientAD\EfficientAD-main\output\13\trainings\mvtec_ad\my_product4\autoencoder_final.pth,C:\projects\efficientAD\EfficientAD-main\output\13\trainings\mvtec_ad\my_product4\norm_params.json,
C:\projects\efficientAD\mydataset\my_product4\test\broken\001K8_0259.png,C:\projects\efficientAD\results\model13_my_product4\annotated\broken\001K8_0259_result.png,C:\projects\efficientAD\results\model13_my_product4\heatmaps\broken\001K8_0259_heatmap.png,C:\projects\efficientAD\results\model13_my_product4\anomaly_heatmaps\broken\001K8_0259_heatmap.png,ANOMALY,True,0.013842233456671238,0.007144,0.0,0.025,8.124700048938394,11.337100062519312,44.61549990810454,0,0,390,484,[],weighted_ae_difference,C:\projects\efficientAD\EfficientAD-main\output\13\trainings\mvtec_ad\my_product4\student_final.pth,C:\projects\efficientAD\EfficientAD-main\output\13\trainings\mvtec_ad\my_product4\autoencoder_final.pth,C:\projects\efficientAD\EfficientAD-main\output\13\trainings\mvtec_ad\my_product4\norm_params.json,
C:\projects\efficientAD\mydataset\my_product4\test\broken\001K8_0262.png,C:\projects\efficientAD\results\model13_my_product4\annotated\broken\001K8_0262_result.png,C:\projects\efficientAD\results\model13_my_product4\heatmaps\broken\001K8_0262_heatmap.png,C:\projects\efficientAD\results\model13_my_product4\anomaly_heatmaps\broken\001K8_0262_heatmap.png,ANOMALY,True,0.012181369587779045,0.007144,0.0,0.025,8.36670002900064,11.502399807795882,43.799699982628226,0,0,390,484,[],weighted_ae_difference,C:\projects\efficientAD\EfficientAD-main\output\13\trainings\mvtec_ad\my_product4\student_final.pth,C:\projects\efficientAD\EfficientAD-main\output\13\trainings\mvtec_ad\my_product4\autoencoder_final.pth,C:\projects\efficientAD\EfficientAD-main\output\13\trainings\mvtec_ad\my_product4\norm_params.json,
C:\projects\efficientAD\mydataset\my_product4\test\broken\001K8_0263.png,C:\projects\efficientAD\results\model13_my_product4\annotated\broken\001K8_0263_result.png,C:\projects\efficientAD\results\model13_my_product4\heatmaps\broken\001K8_0263_heatmap.png,C:\projects\efficientAD\results\model13_my_product4\anomaly_heatmaps\broken\001K8_0263_heatmap.png,ANOMALY,True,0.010753373615443707,0.007144,0.0,0.025,8.106400026008487,11.696500005200505,43.72539999894798,0,0,390,484,[],weighted_ae_difference,C:\projects\efficientAD\EfficientAD-main\output\13\trainings\mvtec_ad\my_product4\student_final.pth,C:\projects\efficientAD\EfficientAD-main\output\13\trainings\mvtec_ad\my_product4\autoencoder_final.pth,C:\projects\efficientAD\EfficientAD-main\output\13\trainings\mvtec_ad\my_product4\norm_params.json,
C:\projects\efficientAD\mydataset\my_product4\test\broken\001K8_0264.png,C:\projects\efficientAD\results\model13_my_product4\annotated\broken\001K8_0264_result.png,C:\projects\efficientAD\results\model13_my_product4\heatmaps\broken\001K8_0264_heatmap.png,C:\projects\efficientAD\results\model13_my_product4\anomaly_heatmaps\broken\001K8_0264_heatmap.png,ANOMALY,True,0.014673592522740364,0.007144,0.0,0.025,8.139499928802252,11.873500188812613,45.954300090670586,0,0,390,484,[],weighted_ae_difference,C:\projects\efficientAD\EfficientAD-main\output\13\trainings\mvtec_ad\my_product4\student_final.pth,C:\projects\efficientAD\EfficientAD-main\output\13\trainings\mvtec_ad\my_product4\autoencoder_final.pth,C:\projects\efficientAD\EfficientAD-main\output\13\trainings\mvtec_ad\my_product4\norm_params.json,
C:\projects\efficientAD\mydataset\my_product4\test\broken\001K8_0265.png,C:\projects\efficientAD\results\model13_my_product4\annotated\broken\001K8_0265_result.png,C:\projects\efficientAD\results\model13_my_product4\heatmaps\broken\001K8_0265_heatmap.png,C:\projects\efficientAD\results\model13_my_product4\anomaly_heatmaps\broken\001K8_0265_heatmap.png,ANOMALY,True,0.011700480245053768,0.007144,0.0,0.025,8.156999945640564,12.519699987024069,45.524900080636144,0,0,390,484,[],weighted_ae_difference,C:\projects\efficientAD\EfficientAD-main\output\13\trainings\mvtec_ad\my_product4\student_final.pth,C:\projects\efficientAD\EfficientAD-main\output\13\trainings\mvtec_ad\my_product4\autoencoder_final.pth,C:\projects\efficientAD\EfficientAD-main\output\13\trainings\mvtec_ad\my_product4\norm_params.json,
C:\projects\efficientAD\mydataset\my_product4\test\broken\001K8_0268.png,C:\projects\efficientAD\results\model13_my_product4\annotated\broken\001K8_0268_result.png,C:\projects\efficientAD\results\model13_my_product4\heatmaps\broken\001K8_0268_heatmap.png,C:\projects\efficientAD\results\model13_my_product4\anomaly_heatmaps\broken\001K8_0268_heatmap.png,ANOMALY,True,0.014686618000268936,0.007144,0.0,0.025,8.080099942162633,11.791199911385775,45.213500037789345,0,0,390,484,[],weighted_ae_difference,C:\projects\efficientAD\EfficientAD-main\output\13\trainings\mvtec_ad\my_product4\student_final.pth,C:\projects\efficientAD\EfficientAD-main\output\13\trainings\mvtec_ad\my_product4\autoencoder_final.pth,C:\projects\efficientAD\EfficientAD-main\output\13\trainings\mvtec_ad\my_product4\norm_params.json,
C:\projects\efficientAD\mydataset\my_product4\test\broken\001K8_0272.png,C:\projects\efficientAD\results\model13_my_product4\annotated\broken\001K8_0272_result.png,C:\projects\efficientAD\results\model13_my_product4\heatmaps\broken\001K8_0272_heatmap.png,C:\projects\efficientAD\results\model13_my_product4\anomaly_heatmaps\broken\001K8_0272_heatmap.png,ANOMALY,True,0.012079385109245777,0.007144,0.0,0.025,8.134200004860759,11.428399942815304,44.058400206267834,0,0,390,484,[],weighted_ae_difference,C:\projects\efficientAD\EfficientAD-main\output\13\trainings\mvtec_ad\my_product4\student_final.pth,C:\projects\efficientAD\EfficientAD-main\output\13\trainings\mvtec_ad\my_product4\autoencoder_final.pth,C:\projects\efficientAD\EfficientAD-main\output\13\trainings\mvtec_ad\my_product4\norm_params.json,
C:\projects\efficientAD\mydataset\my_product4\test\broken\001K8_0275.png,C:\projects\efficientAD\results\model13_my_product4\annotated\broken\001K8_0275_result.png,C:\projects\efficientAD\results\model13_my_product4\heatmaps\broken\001K8_0275_heatmap.png,C:\projects\efficientAD\results\model13_my_product4\anomaly_heatmaps\broken\001K8_0275_heatmap.png,ANOMALY,True,0.013070688582956791,0.007144,0.0,0.025,8.123500039801002,11.939299991354346,44.968900037929416,0,0,390,484,[],weighted_ae_difference,C:\projects\efficientAD\EfficientAD-main\output\13\trainings\mvtec_ad\my_product4\student_final.pth,C:\projects\efficientAD\EfficientAD-main\output\13\trainings\mvtec_ad\my_product4\autoencoder_final.pth,C:\projects\efficientAD\EfficientAD-main\output\13\trainings\mvtec_ad\my_product4\norm_params.json,
C:\projects\efficientAD\mydataset\my_product4\test\broken\001K8_0277.png,C:\projects\efficientAD\results\model13_my_product4\annotated\broken\001K8_0277_result.png,C:\projects\efficientAD\results\model13_my_product4\heatmaps\broken\001K8_0277_heatmap.png,C:\projects\efficientAD\results\model13_my_product4\anomaly_heatmaps\broken\001K8_0277_heatmap.png,ANOMALY,True,0.011429253965616226,0.007144,0.0,0.025,8.14620009623468,11.544100008904934,43.079799972474575,0,0,390,484,[],weighted_ae_difference,C:\projects\efficientAD\EfficientAD-main\output\13\trainings\mvtec_ad\my_product4\student_final.pth,C:\projects\efficientAD\EfficientAD-main\output\13\trainings\mvtec_ad\my_product4\autoencoder_final.pth,C:\projects\efficientAD\EfficientAD-main\output\13\trainings\mvtec_ad\my_product4\norm_params.json,
C:\projects\efficientAD\mydataset\my_product4\test\broken\001K8_0278.png,C:\projects\efficientAD\results\model13_my_product4\annotated\broken\001K8_0278_result.png,C:\projects\efficientAD\results\model13_my_product4\heatmaps\broken\001K8_0278_heatmap.png,C:\projects\efficientAD\results\model13_my_product4\anomaly_heatmaps\broken\001K8_0278_heatmap.png,ANOMALY,True,0.016381917521357536,0.007144,0.0,0.025,8.141000056639314,11.67530007660389,45.11020006611943,0,0,390,484,[],weighted_ae_difference,C:\projects\efficientAD\EfficientAD-main\output\13\trainings\mvtec_ad\my_product4\student_final.pth,C:\projects\efficientAD\EfficientAD-main\output\13\trainings\mvtec_ad\my_product4\autoencoder_final.pth,C:\projects\efficientAD\EfficientAD-main\output\13\trainings\mvtec_ad\my_product4\norm_params.json,
C:\projects\efficientAD\mydataset\my_product4\test\broken\001K8_0279.png,C:\projects\efficientAD\results\model13_my_product4\annotated\broken\001K8_0279_result.png,C:\projects\efficientAD\results\model13_my_product4\heatmaps\broken\001K8_0279_heatmap.png,C:\projects\efficientAD\results\model13_my_product4\anomaly_heatmaps\broken\001K8_0279_heatmap.png,ANOMALY,True,0.014579400420188904,0.007144,0.0,0.025,8.11009993776679,11.631099972873926,44.872700003907084,0,0,390,484,[],weighted_ae_difference,C:\projects\efficientAD\EfficientAD-main\output\13\trainings\mvtec_ad\my_product4\student_final.pth,C:\projects\efficientAD\EfficientAD-main\output\13\trainings\mvtec_ad\my_product4\autoencoder_final.pth,C:\projects\efficientAD\EfficientAD-main\output\13\trainings\mvtec_ad\my_product4\norm_params.json,
C:\projects\efficientAD\mydataset\my_product4\test\broken\001K8_0280.png,C:\projects\efficientAD\results\model13_my_product4\annotated\broken\001K8_0280_result.png,C:\projects\efficientAD\results\model13_my_product4\heatmaps\broken\001K8_0280_heatmap.png,C:\projects\efficientAD\results\model13_my_product4\anomaly_heatmaps\broken\001K8_0280_heatmap.png,ANOMALY,True,0.014689617790281773,0.007144,0.0,0.025,8.111099945381284,12.262300122529268,44.53690000809729,0,0,390,484,[],weighted_ae_difference,C:\projects\efficientAD\EfficientAD-main\output\13\trainings\mvtec_ad\my_product4\student_final.pth,C:\projects\efficientAD\EfficientAD-main\output\13\trainings\mvtec_ad\my_product4\autoencoder_final.pth,C:\projects\efficientAD\EfficientAD-main\output\13\trainings\mvtec_ad\my_product4\norm_params.json,
C:\projects\efficientAD\mydataset\my_product4\test\broken\001K8_0281.png,C:\projects\efficientAD\results\model13_my_product4\annotated\broken\001K8_0281_result.png,C:\projects\efficientAD\results\model13_my_product4\heatmaps\broken\001K8_0281_heatmap.png,C:\projects\efficientAD\results\model13_my_product4\anomaly_heatmaps\broken\001K8_0281_heatmap.png,ANOMALY,True,0.012429572641849518,0.007144,0.0,0.025,7.998199900612235,11.526899877935648,46.12850002013147,0,0,390,484,[],weighted_ae_difference,C:\projects\efficientAD\EfficientAD-main\output\13\trainings\mvtec_ad\my_product4\student_final.pth,C:\projects\efficientAD\EfficientAD-main\output\13\trainings\mvtec_ad\my_product4\autoencoder_final.pth,C:\projects\efficientAD\EfficientAD-main\output\13\trainings\mvtec_ad\my_product4\norm_params.json,
C:\projects\efficientAD\mydataset\my_product4\test\broken\001K8_0282.png,C:\projects\efficientAD\results\model13_my_product4\annotated\broken\001K8_0282_result.png,C:\projects\efficientAD\results\model13_my_product4\heatmaps\broken\001K8_0282_heatmap.png,C:\projects\efficientAD\results\model13_my_product4\anomaly_heatmaps\broken\001K8_0282_heatmap.png,ANOMALY,True,0.012591673992574215,0.007144,0.0,0.025,8.104600012302399,12.050400022417307,47.589899972081184,0,0,390,484,[],weighted_ae_difference,C:\projects\efficientAD\EfficientAD-main\output\13\trainings\mvtec_ad\my_product4\student_final.pth,C:\projects\efficientAD\EfficientAD-main\output\13\trainings\mvtec_ad\my_product4\autoencoder_final.pth,C:\projects\efficientAD\EfficientAD-main\output\13\trainings\mvtec_ad\my_product4\norm_params.json,
C:\projects\efficientAD\mydataset\my_product4\test\broken\001K8_0285.png,C:\projects\efficientAD\results\model13_my_product4\annotated\broken\001K8_0285_result.png,C:\projects\efficientAD\results\model13_my_product4\heatmaps\broken\001K8_0285_heatmap.png,C:\projects\efficientAD\results\model13_my_product4\anomaly_heatmaps\broken\001K8_0285_heatmap.png,ANOMALY,True,0.013532171957194805,0.007144,0.0,0.025,8.081600069999695,11.699399910867214,44.53429998829961,0,0,390,484,[],weighted_ae_difference,C:\projects\efficientAD\EfficientAD-main\output\13\trainings\mvtec_ad\my_product4\student_final.pth,C:\projects\efficientAD\EfficientAD-main\output\13\trainings\mvtec_ad\my_product4\autoencoder_final.pth,C:\projects\efficientAD\EfficientAD-main\output\13\trainings\mvtec_ad\my_product4\norm_params.json,
C:\projects\efficientAD\mydataset\my_product4\test\broken\001K8_0286.png,C:\projects\efficientAD\results\model13_my_product4\annotated\broken\001K8_0286_result.png,C:\projects\efficientAD\results\model13_my_product4\heatmaps\broken\001K8_0286_heatmap.png,C:\projects\efficientAD\results\model13_my_product4\anomaly_heatmaps\broken\001K8_0286_heatmap.png,ANOMALY,True,0.01304635126143694,0.007144,0.0,0.025,8.013099897652864,11.600200086832047,44.9715000577271,0,0,390,484,[],weighted_ae_difference,C:\projects\efficientAD\EfficientAD-main\output\13\trainings\mvtec_ad\my_product4\student_final.pth,C:\projects\efficientAD\EfficientAD-main\output\13\trainings\mvtec_ad\my_product4\autoencoder_final.pth,C:\projects\efficientAD\EfficientAD-main\output\13\trainings\mvtec_ad\my_product4\norm_params.json,
C:\projects\efficientAD\mydataset\my_product4\test\broken\001K8_0287.png,C:\projects\efficientAD\results\model13_my_product4\annotated\broken\001K8_0287_result.png,C:\projects\efficientAD\results\model13_my_product4\heatmaps\broken\001K8_0287_heatmap.png,,NORMAL,False,0.004920665640383959,0.007144,0.0,0.025,8.038199972361326,11.192499892786145,38.45089999958873,0,0,390,484,[],weighted_ae_difference,C:\projects\efficientAD\EfficientAD-main\output\13\trainings\mvtec_ad\my_product4\student_final.pth,C:\projects\efficientAD\EfficientAD-main\output\13\trainings\mvtec_ad\my_product4\autoencoder_final.pth,C:\projects\efficientAD\EfficientAD-main\output\13\trainings\mvtec_ad\my_product4\norm_params.json,
C:\projects\efficientAD\mydataset\my_product4\test\broken\001K8_0288.png,C:\projects\efficientAD\results\model13_my_product4\annotated\broken\001K8_0288_result.png,C:\projects\efficientAD\results\model13_my_product4\heatmaps\broken\001K8_0288_heatmap.png,C:\projects\efficientAD\results\model13_my_product4\anomaly_heatmaps\broken\001K8_0288_heatmap.png,ANOMALY,True,0.01728239841759205,0.007144,0.0,0.025,8.075099904090166,11.322699952870607,45.45830003917217,0,0,390,484,[],weighted_ae_difference,C:\projects\efficientAD\EfficientAD-main\output\13\trainings\mvtec_ad\my_product4\student_final.pth,C:\projects\efficientAD\EfficientAD-main\output\13\trainings\mvtec_ad\my_product4\autoencoder_final.pth,C:\projects\efficientAD\EfficientAD-main\output\13\trainings\mvtec_ad\my_product4\norm_params.json,
C:\projects\efficientAD\mydataset\my_product4\test\broken\001K8_0289.png,C:\projects\efficientAD\results\model13_my_product4\annotated\broken\001K8_0289_result.png,C:\projects\efficientAD\results\model13_my_product4\heatmaps\broken\001K8_0289_heatmap.png,C:\projects\efficientAD\results\model13_my_product4\anomaly_heatmaps\broken\001K8_0289_heatmap.png,ANOMALY,True,0.017370210960507393,0.007144,0.0,0.025,7.986800046637654,11.557599995285273,45.475800056010485,0,0,390,484,[],weighted_ae_difference,C:\projects\efficientAD\EfficientAD-main\output\13\trainings\mvtec_ad\my_product4\student_final.pth,C:\projects\efficientAD\EfficientAD-main\output\13\trainings\mvtec_ad\my_product4\autoencoder_final.pth,C:\projects\efficientAD\EfficientAD-main\output\13\trainings\mvtec_ad\my_product4\norm_params.json,
C:\projects\efficientAD\mydataset\my_product4\test\broken\001K8_0290.png,C:\projects\efficientAD\results\model13_my_product4\annotated\broken\001K8_0290_result.png,C:\projects\efficientAD\results\model13_my_product4\heatmaps\broken\001K8_0290_heatmap.png,C:\projects\efficientAD\results\model13_my_product4\anomaly_heatmaps\broken\001K8_0290_heatmap.png,ANOMALY,True,0.014822008088231087,0.007144,0.0,0.025,8.045600028708577,11.538600083440542,46.51160002686083,0,0,390,484,[],weighted_ae_difference,C:\projects\efficientAD\EfficientAD-main\output\13\trainings\mvtec_ad\my_product4\student_final.pth,C:\projects\efficientAD\EfficientAD-main\output\13\trainings\mvtec_ad\my_product4\autoencoder_final.pth,C:\projects\efficientAD\EfficientAD-main\output\13\trainings\mvtec_ad\my_product4\norm_params.json,
C:\projects\efficientAD\mydataset\my_product4\test\broken\001K8_0291.png,C:\projects\efficientAD\results\model13_my_product4\annotated\broken\001K8_0291_result.png,C:\projects\efficientAD\results\model13_my_product4\heatmaps\broken\001K8_0291_heatmap.png,C:\projects\efficientAD\results\model13_my_product4\anomaly_heatmaps\broken\001K8_0291_heatmap.png,ANOMALY,True,0.012349999509751797,0.007144,0.0,0.025,8.079299936071038,11.212000157684088,44.724700041115284,0,0,390,484,[],weighted_ae_difference,C:\projects\efficientAD\EfficientAD-main\output\13\trainings\mvtec_ad\my_product4\student_final.pth,C:\projects\efficientAD\EfficientAD-main\output\13\trainings\mvtec_ad\my_product4\autoencoder_final.pth,C:\projects\efficientAD\EfficientAD-main\output\13\trainings\mvtec_ad\my_product4\norm_params.json,
C:\projects\efficientAD\mydataset\my_product4\test\broken\001K8_0293.png,C:\projects\efficientAD\results\model13_my_product4\annotated\broken\001K8_0293_result.png,C:\projects\efficientAD\results\model13_my_product4\heatmaps\broken\001K8_0293_heatmap.png,,NORMAL,False,0.006464108824729919,0.007144,0.0,0.025,8.366199908778071,11.917599942535162,40.20580020733178,0,0,390,484,[],weighted_ae_difference,C:\projects\efficientAD\EfficientAD-main\output\13\trainings\mvtec_ad\my_product4\student_final.pth,C:\projects\efficientAD\EfficientAD-main\output\13\trainings\mvtec_ad\my_product4\autoencoder_final.pth,C:\projects\efficientAD\EfficientAD-main\output\13\trainings\mvtec_ad\my_product4\norm_params.json,
C:\projects\efficientAD\mydataset\my_product4\test\broken\001K8_0294.png,C:\projects\efficientAD\results\model13_my_product4\annotated\broken\001K8_0294_result.png,C:\projects\efficientAD\results\model13_my_product4\heatmaps\broken\001K8_0294_heatmap.png,,NORMAL,False,0.004904582630842924,0.007144,0.0,0.025,8.085600100457668,11.356099974364042,39.549799868837,0,0,390,484,[],weighted_ae_difference,C:\projects\efficientAD\EfficientAD-main\output\13\trainings\mvtec_ad\my_product4\student_final.pth,C:\projects\efficientAD\EfficientAD-main\output\13\trainings\mvtec_ad\my_product4\autoencoder_final.pth,C:\projects\efficientAD\EfficientAD-main\output\13\trainings\mvtec_ad\my_product4\norm_params.json,
C:\projects\efficientAD\mydataset\my_product4\test\broken\001K8_0295.png,C:\projects\efficientAD\results\model13_my_product4\annotated\broken\001K8_0295_result.png,C:\projects\efficientAD\results\model13_my_product4\heatmaps\broken\001K8_0295_heatmap.png,C:\projects\efficientAD\results\model13_my_product4\anomaly_heatmaps\broken\001K8_0295_heatmap.png,ANOMALY,True,0.010316056199371815,0.007144,0.0,0.025,8.097000187262893,11.35360007174313,45.53259979002178,0,0,390,484,[],weighted_ae_difference,C:\projects\efficientAD\EfficientAD-main\output\13\trainings\mvtec_ad\my_product4\student_final.pth,C:\projects\efficientAD\EfficientAD-main\output\13\trainings\mvtec_ad\my_product4\autoencoder_final.pth,C:\projects\efficientAD\EfficientAD-main\output\13\trainings\mvtec_ad\my_product4\norm_params.json,
C:\projects\efficientAD\mydataset\my_product4\test\broken\001K8_0296.png,C:\projects\efficientAD\results\model13_my_product4\annotated\broken\001K8_0296_result.png,C:\projects\efficientAD\results\model13_my_product4\heatmaps\broken\001K8_0296_heatmap.png,C:\projects\efficientAD\results\model13_my_product4\anomaly_heatmaps\broken\001K8_0296_heatmap.png,ANOMALY,True,0.01049370039254427,0.007144,0.0,0.025,8.19050008431077,11.80870016105473,44.038700172677636,0,0,390,484,[],weighted_ae_difference,C:\projects\efficientAD\EfficientAD-main\output\13\trainings\mvtec_ad\my_product4\student_final.pth,C:\projects\efficientAD\EfficientAD-main\output\13\trainings\mvtec_ad\my_product4\autoencoder_final.pth,C:\projects\efficientAD\EfficientAD-main\output\13\trainings\mvtec_ad\my_product4\norm_params.json,
C:\projects\efficientAD\mydataset\my_product4\test\broken\001K8_0297.png,C:\projects\efficientAD\results\model13_my_product4\annotated\broken\001K8_0297_result.png,C:\projects\efficientAD\results\model13_my_product4\heatmaps\broken\001K8_0297_heatmap.png,,NORMAL,False,0.0046793315559625626,0.007144,0.0,0.025,8.097900077700615,11.674499837681651,39.65060017071664,0,0,390,484,[],weighted_ae_difference,C:\projects\efficientAD\EfficientAD-main\output\13\trainings\mvtec_ad\my_product4\student_final.pth,C:\projects\efficientAD\EfficientAD-main\output\13\trainings\mvtec_ad\my_product4\autoencoder_final.pth,C:\projects\efficientAD\EfficientAD-main\output\13\trainings\mvtec_ad\my_product4\norm_params.json,
C:\projects\efficientAD\mydataset\my_product4\test\broken\001K8_0298.png,C:\projects\efficientAD\results\model13_my_product4\annotated\broken\001K8_0298_result.png,C:\projects\efficientAD\results\model13_my_product4\heatmaps\broken\001K8_0298_heatmap.png,C:\projects\efficientAD\results\model13_my_product4\anomaly_heatmaps\broken\001K8_0298_heatmap.png,ANOMALY,True,0.011714231222867966,0.007144,0.0,0.025,8.311200188472867,12.032500002533197,44.16489996947348,0,0,390,484,[],weighted_ae_difference,C:\projects\efficientAD\EfficientAD-main\output\13\trainings\mvtec_ad\my_product4\student_final.pth,C:\projects\efficientAD\EfficientAD-main\output\13\trainings\mvtec_ad\my_product4\autoencoder_final.pth,C:\projects\efficientAD\EfficientAD-main\output\13\trainings\mvtec_ad\my_product4\norm_params.json,
C:\projects\efficientAD\mydataset\my_product4\test\broken\001K8_0300.png,C:\projects\efficientAD\results\model13_my_product4\annotated\broken\001K8_0300_result.png,C:\projects\efficientAD\results\model13_my_product4\heatmaps\broken\001K8_0300_heatmap.png,C:\projects\efficientAD\results\model13_my_product4\anomaly_heatmaps\broken\001K8_0300_heatmap.png,ANOMALY,True,0.013105969876050949,0.007144,0.0,0.025,8.089100010693073,11.279599973931909,46.361800050362945,0,0,390,484,[],weighted_ae_difference,C:\projects\efficientAD\EfficientAD-main\output\13\trainings\mvtec_ad\my_product4\student_final.pth,C:\projects\efficientAD\EfficientAD-main\output\13\trainings\mvtec_ad\my_product4\autoencoder_final.pth,C:\projects\efficientAD\EfficientAD-main\output\13\trainings\mvtec_ad\my_product4\norm_params.json,
C:\projects\efficientAD\mydataset\my_product4\test\broken\001K8_0301.png,C:\projects\efficientAD\results\model13_my_product4\annotated\broken\001K8_0301_result.png,C:\projects\efficientAD\results\model13_my_product4\heatmaps\broken\001K8_0301_heatmap.png,C:\projects\efficientAD\results\model13_my_product4\anomaly_heatmaps\broken\001K8_0301_heatmap.png,ANOMALY,True,0.013829917646944523,0.007144,0.0,0.025,8.05089995265007,11.553900083526969,45.59029988013208,0,0,390,484,[],weighted_ae_difference,C:\projects\efficientAD\EfficientAD-main\output\13\trainings\mvtec_ad\my_product4\student_final.pth,C:\projects\efficientAD\EfficientAD-main\output\13\trainings\mvtec_ad\my_product4\autoencoder_final.pth,C:\projects\efficientAD\EfficientAD-main\output\13\trainings\mvtec_ad\my_product4\norm_params.json,
C:\projects\efficientAD\mydataset\my_product4\test\broken\001K8_0304.png,C:\projects\efficientAD\results\model13_my_product4\annotated\broken\001K8_0304_result.png,C:\projects\efficientAD\results\model13_my_product4\heatmaps\broken\001K8_0304_heatmap.png,C:\projects\efficientAD\results\model13_my_product4\anomaly_heatmaps\broken\001K8_0304_heatmap.png,ANOMALY,True,0.014746731147170067,0.007144,0.0,0.025,8.061100030317903,11.140799848362803,46.942600049078465,0,0,390,484,[],weighted_ae_difference,C:\projects\efficientAD\EfficientAD-main\output\13\trainings\mvtec_ad\my_product4\student_final.pth,C:\projects\efficientAD\EfficientAD-main\output\13\trainings\mvtec_ad\my_product4\autoencoder_final.pth,C:\projects\efficientAD\EfficientAD-main\output\13\trainings\mvtec_ad\my_product4\norm_params.json,
C:\projects\efficientAD\mydataset\my_product4\test\broken\001K8_0305.png,C:\projects\efficientAD\results\model13_my_product4\annotated\broken\001K8_0305_result.png,C:\projects\efficientAD\results\model13_my_product4\heatmaps\broken\001K8_0305_heatmap.png,C:\projects\efficientAD\results\model13_my_product4\anomaly_heatmaps\broken\001K8_0305_heatmap.png,ANOMALY,True,0.010837064124643803,0.007144,0.0,0.025,8.071300107985735,11.39210001565516,44.274199986830354,0,0,390,484,[],weighted_ae_difference,C:\projects\efficientAD\EfficientAD-main\output\13\trainings\mvtec_ad\my_product4\student_final.pth,C:\projects\efficientAD\EfficientAD-main\output\13\trainings\mvtec_ad\my_product4\autoencoder_final.pth,C:\projects\efficientAD\EfficientAD-main\output\13\trainings\mvtec_ad\my_product4\norm_params.json,
C:\projects\efficientAD\mydataset\my_product4\test\broken\001K8_0306.png,C:\projects\efficientAD\results\model13_my_product4\annotated\broken\001K8_0306_result.png,C:\projects\efficientAD\results\model13_my_product4\heatmaps\broken\001K8_0306_heatmap.png,,NORMAL,False,0.005258514545857906,0.007144,0.0,0.025,8.049200056120753,11.202699970453978,40.07930005900562,0,0,390,484,[],weighted_ae_difference,C:\projects\efficientAD\EfficientAD-main\output\13\trainings\mvtec_ad\my_product4\student_final.pth,C:\projects\efficientAD\EfficientAD-main\output\13\trainings\mvtec_ad\my_product4\autoencoder_final.pth,C:\projects\efficientAD\EfficientAD-main\output\13\trainings\mvtec_ad\my_product4\norm_params.json,
C:\projects\efficientAD\mydataset\my_product4\test\broken\001K8_0308.png,C:\projects\efficientAD\results\model13_my_product4\annotated\broken\001K8_0308_result.png,C:\projects\efficientAD\results\model13_my_product4\heatmaps\broken\001K8_0308_heatmap.png,C:\projects\efficientAD\results\model13_my_product4\anomaly_heatmaps\broken\001K8_0308_heatmap.png,ANOMALY,True,0.012079615145921707,0.007144,0.0,0.025,8.271200116723776,11.37010008096695,45.72820011526346,0,0,390,484,[],weighted_ae_difference,C:\projects\efficientAD\EfficientAD-main\output\13\trainings\mvtec_ad\my_product4\student_final.pth,C:\projects\efficientAD\EfficientAD-main\output\13\trainings\mvtec_ad\my_product4\autoencoder_final.pth,C:\projects\efficientAD\EfficientAD-main\output\13\trainings\mvtec_ad\my_product4\norm_params.json,
C:\projects\efficientAD\mydataset\my_product4\test\broken\001K8_0311.png,C:\projects\efficientAD\results\model13_my_product4\annotated\broken\001K8_0311_result.png,C:\projects\efficientAD\results\model13_my_product4\heatmaps\broken\001K8_0311_heatmap.png,C:\projects\efficientAD\results\model13_my_product4\anomaly_heatmaps\broken\001K8_0311_heatmap.png,ANOMALY,True,0.012916026636958122,0.007144,0.0,0.025,8.077400038018823,11.236299993470311,44.605599949136376,0,0,390,484,[],weighted_ae_difference,C:\projects\efficientAD\EfficientAD-main\output\13\trainings\mvtec_ad\my_product4\student_final.pth,C:\projects\efficientAD\EfficientAD-main\output\13\trainings\mvtec_ad\my_product4\autoencoder_final.pth,C:\projects\efficientAD\EfficientAD-main\output\13\trainings\mvtec_ad\my_product4\norm_params.json,
C:\projects\efficientAD\mydataset\my_product4\test\broken\001K8_0312.png,C:\projects\efficientAD\results\model13_my_product4\annotated\broken\001K8_0312_result.png,C:\projects\efficientAD\results\model13_my_product4\heatmaps\broken\001K8_0312_heatmap.png,C:\projects\efficientAD\results\model13_my_product4\anomaly_heatmaps\broken\001K8_0312_heatmap.png,ANOMALY,True,0.013094646856188774,0.007144,0.0,0.025,8.090199902653694,11.433199979364872,45.68059998564422,0,0,390,484,[],weighted_ae_difference,C:\projects\efficientAD\EfficientAD-main\output\13\trainings\mvtec_ad\my_product4\student_final.pth,C:\projects\efficientAD\EfficientAD-main\output\13\trainings\mvtec_ad\my_product4\autoencoder_final.pth,C:\projects\efficientAD\EfficientAD-main\output\13\trainings\mvtec_ad\my_product4\norm_params.json,
C:\projects\efficientAD\mydataset\my_product4\test\broken\001K8_0314.png,C:\projects\efficientAD\results\model13_my_product4\annotated\broken\001K8_0314_result.png,C:\projects\efficientAD\results\model13_my_product4\heatmaps\broken\001K8_0314_heatmap.png,C:\projects\efficientAD\results\model13_my_product4\anomaly_heatmaps\broken\001K8_0314_heatmap.png,ANOMALY,True,0.011272179894149303,0.007144,0.0,0.025,8.052899967879057,11.504000052809715,46.117400052025914,0,0,390,484,[],weighted_ae_difference,C:\projects\efficientAD\EfficientAD-main\output\13\trainings\mvtec_ad\my_product4\student_final.pth,C:\projects\efficientAD\EfficientAD-main\output\13\trainings\mvtec_ad\my_product4\autoencoder_final.pth,C:\projects\efficientAD\EfficientAD-main\output\13\trainings\mvtec_ad\my_product4\norm_params.json,
C:\projects\efficientAD\mydataset\my_product4\test\broken\001K8_0315.png,C:\projects\efficientAD\results\model13_my_product4\annotated\broken\001K8_0315_result.png,C:\projects\efficientAD\results\model13_my_product4\heatmaps\broken\001K8_0315_heatmap.png,C:\projects\efficientAD\results\model13_my_product4\anomaly_heatmaps\broken\001K8_0315_heatmap.png,ANOMALY,True,0.012551696971058846,0.007144,0.0,0.025,8.068599971011281,11.269999900832772,43.71499991975725,0,0,390,484,[],weighted_ae_difference,C:\projects\efficientAD\EfficientAD-main\output\13\trainings\mvtec_ad\my_product4\student_final.pth,C:\projects\efficientAD\EfficientAD-main\output\13\trainings\mvtec_ad\my_product4\autoencoder_final.pth,C:\projects\efficientAD\EfficientAD-main\output\13\trainings\mvtec_ad\my_product4\norm_params.json,
C:\projects\efficientAD\mydataset\my_product4\test\broken\001K8_0317.png,C:\projects\efficientAD\results\model13_my_product4\annotated\broken\001K8_0317_result.png,C:\projects\efficientAD\results\model13_my_product4\heatmaps\broken\001K8_0317_heatmap.png,C:\projects\efficientAD\results\model13_my_product4\anomaly_heatmaps\broken\001K8_0317_heatmap.png,ANOMALY,True,0.010706523433327675,0.007144,0.0,0.025,8.046700153499842,11.650200001895428,45.71179999038577,0,0,390,484,[],weighted_ae_difference,C:\projects\efficientAD\EfficientAD-main\output\13\trainings\mvtec_ad\my_product4\student_final.pth,C:\projects\efficientAD\EfficientAD-main\output\13\trainings\mvtec_ad\my_product4\autoencoder_final.pth,C:\projects\efficientAD\EfficientAD-main\output\13\trainings\mvtec_ad\my_product4\norm_params.json,
C:\projects\efficientAD\mydataset\my_product4\test\broken\001K8_0318.png,C:\projects\efficientAD\results\model13_my_product4\annotated\broken\001K8_0318_result.png,C:\projects\efficientAD\results\model13_my_product4\heatmaps\broken\001K8_0318_heatmap.png,C:\projects\efficientAD\results\model13_my_product4\anomaly_heatmaps\broken\001K8_0318_heatmap.png,ANOMALY,True,0.012484850361943245,0.007144,0.0,0.025,8.165600011125207,11.823199922218919,45.48079986125231,0,0,390,484,[],weighted_ae_difference,C:\projects\efficientAD\EfficientAD-main\output\13\trainings\mvtec_ad\my_product4\student_final.pth,C:\projects\efficientAD\EfficientAD-main\output\13\trainings\mvtec_ad\my_product4\autoencoder_final.pth,C:\projects\efficientAD\EfficientAD-main\output\13\trainings\mvtec_ad\my_product4\norm_params.json,
C:\projects\efficientAD\mydataset\my_product4\test\broken\001K8_0319.png,C:\projects\efficientAD\results\model13_my_product4\annotated\broken\001K8_0319_result.png,C:\projects\efficientAD\results\model13_my_product4\heatmaps\broken\001K8_0319_heatmap.png,C:\projects\efficientAD\results\model13_my_product4\anomaly_heatmaps\broken\001K8_0319_heatmap.png,ANOMALY,True,0.009180658496916294,0.007144,0.0,0.025,8.058399893343449,11.16240001283586,46.15529999136925,0,0,390,484,[],weighted_ae_difference,C:\projects\efficientAD\EfficientAD-main\output\13\trainings\mvtec_ad\my_product4\student_final.pth,C:\projects\efficientAD\EfficientAD-main\output\13\trainings\mvtec_ad\my_product4\autoencoder_final.pth,C:\projects\efficientAD\EfficientAD-main\output\13\trainings\mvtec_ad\my_product4\norm_params.json,
C:\projects\efficientAD\mydataset\my_product4\test\broken\001K8_0321.png,C:\projects\efficientAD\results\model13_my_product4\annotated\broken\001K8_0321_result.png,C:\projects\efficientAD\results\model13_my_product4\heatmaps\broken\001K8_0321_heatmap.png,C:\projects\efficientAD\results\model13_my_product4\anomaly_heatmaps\broken\001K8_0321_heatmap.png,ANOMALY,True,0.013020486570894718,0.007144,0.0,0.025,8.11469997279346,11.579399928450584,45.50000000745058,0,0,390,484,[],weighted_ae_difference,C:\projects\efficientAD\EfficientAD-main\output\13\trainings\mvtec_ad\my_product4\student_final.pth,C:\projects\efficientAD\EfficientAD-main\output\13\trainings\mvtec_ad\my_product4\autoencoder_final.pth,C:\projects\efficientAD\EfficientAD-main\output\13\trainings\mvtec_ad\my_product4\norm_params.json,
C:\projects\efficientAD\mydataset\my_product4\test\broken\001K8_0323.png,C:\projects\efficientAD\results\model13_my_product4\annotated\broken\001K8_0323_result.png,C:\projects\efficientAD\results\model13_my_product4\heatmaps\broken\001K8_0323_heatmap.png,C:\projects\efficientAD\results\model13_my_product4\anomaly_heatmaps\broken\001K8_0323_heatmap.png,ANOMALY,True,0.011607560329139233,0.007144,0.0,0.025,8.10580002143979,11.174399871379137,45.31769989989698,0,0,390,484,[],weighted_ae_difference,C:\projects\efficientAD\EfficientAD-main\output\13\trainings\mvtec_ad\my_product4\student_final.pth,C:\projects\efficientAD\EfficientAD-main\output\13\trainings\mvtec_ad\my_product4\autoencoder_final.pth,C:\projects\efficientAD\EfficientAD-main\output\13\trainings\mvtec_ad\my_product4\norm_params.json,
C:\projects\efficientAD\mydataset\my_product4\test\broken\001K8_0324.png,C:\projects\efficientAD\results\model13_my_product4\annotated\broken\001K8_0324_result.png,C:\projects\efficientAD\results\model13_my_product4\heatmaps\broken\001K8_0324_heatmap.png,C:\projects\efficientAD\results\model13_my_product4\anomaly_heatmaps\broken\001K8_0324_heatmap.png,ANOMALY,True,0.01216213684529066,0.007144,0.0,0.025,8.072399999946356,11.47329993546009,44.7027999907732,0,0,390,484,[],weighted_ae_difference,C:\projects\efficientAD\EfficientAD-main\output\13\trainings\mvtec_ad\my_product4\student_final.pth,C:\projects\efficientAD\EfficientAD-main\output\13\trainings\mvtec_ad\my_product4\autoencoder_final.pth,C:\projects\efficientAD\EfficientAD-main\output\13\trainings\mvtec_ad\my_product4\norm_params.json,
C:\projects\efficientAD\mydataset\my_product4\test\broken\001K8_0325.png,C:\projects\efficientAD\results\model13_my_product4\annotated\broken\001K8_0325_result.png,C:\projects\efficientAD\results\model13_my_product4\heatmaps\broken\001K8_0325_heatmap.png,C:\projects\efficientAD\results\model13_my_product4\anomaly_heatmaps\broken\001K8_0325_heatmap.png,ANOMALY,True,0.013065190054476261,0.007144,0.0,0.025,8.180500008165836,11.491700075566769,44.83640007674694,0,0,390,484,[],weighted_ae_difference,C:\projects\efficientAD\EfficientAD-main\output\13\trainings\mvtec_ad\my_product4\student_final.pth,C:\projects\efficientAD\EfficientAD-main\output\13\trainings\mvtec_ad\my_product4\autoencoder_final.pth,C:\projects\efficientAD\EfficientAD-main\output\13\trainings\mvtec_ad\my_product4\norm_params.json,
C:\projects\efficientAD\mydataset\my_product4\test\broken\001K8_0326.png,C:\projects\efficientAD\results\model13_my_product4\annotated\broken\001K8_0326_result.png,C:\projects\efficientAD\results\model13_my_product4\heatmaps\broken\001K8_0326_heatmap.png,C:\projects\efficientAD\results\model13_my_product4\anomaly_heatmaps\broken\001K8_0326_heatmap.png,ANOMALY,True,0.01256925705820322,0.007144,0.0,0.025,8.175099967047572,11.713800020515919,45.89880001731217,0,0,390,484,[],weighted_ae_difference,C:\projects\efficientAD\EfficientAD-main\output\13\trainings\mvtec_ad\my_product4\student_final.pth,C:\projects\efficientAD\EfficientAD-main\output\13\trainings\mvtec_ad\my_product4\autoencoder_final.pth,C:\projects\efficientAD\EfficientAD-main\output\13\trainings\mvtec_ad\my_product4\norm_params.json,
C:\projects\efficientAD\mydataset\my_product4\test\broken\001K8_0327.png,C:\projects\efficientAD\results\model13_my_product4\annotated\broken\001K8_0327_result.png,C:\projects\efficientAD\results\model13_my_product4\heatmaps\broken\001K8_0327_heatmap.png,C:\projects\efficientAD\results\model13_my_product4\anomaly_heatmaps\broken\001K8_0327_heatmap.png,ANOMALY,True,0.013530650176107883,0.007144,0.0,0.025,8.042099885642529,11.441800044849515,46.67309997603297,0,0,390,484,[],weighted_ae_difference,C:\projects\efficientAD\EfficientAD-main\output\13\trainings\mvtec_ad\my_product4\student_final.pth,C:\projects\efficientAD\EfficientAD-main\output\13\trainings\mvtec_ad\my_product4\autoencoder_final.pth,C:\projects\efficientAD\EfficientAD-main\output\13\trainings\mvtec_ad\my_product4\norm_params.json,
C:\projects\efficientAD\mydataset\my_product4\test\broken\001K8_0328.png,C:\projects\efficientAD\results\model13_my_product4\annotated\broken\001K8_0328_result.png,C:\projects\efficientAD\results\model13_my_product4\heatmaps\broken\001K8_0328_heatmap.png,C:\projects\efficientAD\results\model13_my_product4\anomaly_heatmaps\broken\001K8_0328_heatmap.png,ANOMALY,True,0.013034925796091557,0.007144,0.0,0.025,8.100999984890223,11.478499975055456,47.627200139686465,0,0,390,484,[],weighted_ae_difference,C:\projects\efficientAD\EfficientAD-main\output\13\trainings\mvtec_ad\my_product4\student_final.pth,C:\projects\efficientAD\EfficientAD-main\output\13\trainings\mvtec_ad\my_product4\autoencoder_final.pth,C:\projects\efficientAD\EfficientAD-main\output\13\trainings\mvtec_ad\my_product4\norm_params.json,
C:\projects\efficientAD\mydataset\my_product4\test\broken\001K8_0329.png,C:\projects\efficientAD\results\model13_my_product4\annotated\broken\001K8_0329_result.png,C:\projects\efficientAD\results\model13_my_product4\heatmaps\broken\001K8_0329_heatmap.png,C:\projects\efficientAD\results\model13_my_product4\anomaly_heatmaps\broken\001K8_0329_heatmap.png,ANOMALY,True,0.014547685161232948,0.007144,0.0,0.025,8.07340000756085,11.856399942189455,47.505800146609545,0,0,390,484,[],weighted_ae_difference,C:\projects\efficientAD\EfficientAD-main\output\13\trainings\mvtec_ad\my_product4\student_final.pth,C:\projects\efficientAD\EfficientAD-main\output\13\trainings\mvtec_ad\my_product4\autoencoder_final.pth,C:\projects\efficientAD\EfficientAD-main\output\13\trainings\mvtec_ad\my_product4\norm_params.json,
C:\projects\efficientAD\mydataset\my_product4\test\broken\001K8_0330.png,C:\projects\efficientAD\results\model13_my_product4\annotated\broken\001K8_0330_result.png,C:\projects\efficientAD\results\model13_my_product4\heatmaps\broken\001K8_0330_heatmap.png,C:\projects\efficientAD\results\model13_my_product4\anomaly_heatmaps\broken\001K8_0330_heatmap.png,ANOMALY,True,0.012669244781136513,0.007144,0.0,0.025,8.101599989458919,11.587100103497505,46.37630004435778,0,0,390,484,[],weighted_ae_difference,C:\projects\efficientAD\EfficientAD-main\output\13\trainings\mvtec_ad\my_product4\student_final.pth,C:\projects\efficientAD\EfficientAD-main\output\13\trainings\mvtec_ad\my_product4\autoencoder_final.pth,C:\projects\efficientAD\EfficientAD-main\output\13\trainings\mvtec_ad\my_product4\norm_params.json,
C:\projects\efficientAD\mydataset\my_product4\test\broken\001K8_0331.png,C:\projects\efficientAD\results\model13_my_product4\annotated\broken\001K8_0331_result.png,C:\projects\efficientAD\results\model13_my_product4\heatmaps\broken\001K8_0331_heatmap.png,C:\projects\efficientAD\results\model13_my_product4\anomaly_heatmaps\broken\001K8_0331_heatmap.png,ANOMALY,True,0.010686168447136879,0.007144,0.0,0.025,8.17860011011362,11.992400046437979,52.57569998502731,0,0,390,484,[],weighted_ae_difference,C:\projects\efficientAD\EfficientAD-main\output\13\trainings\mvtec_ad\my_product4\student_final.pth,C:\projects\efficientAD\EfficientAD-main\output\13\trainings\mvtec_ad\my_product4\autoencoder_final.pth,C:\projects\efficientAD\EfficientAD-main\output\13\trainings\mvtec_ad\my_product4\norm_params.json,
C:\projects\efficientAD\mydataset\my_product4\test\broken\001K8_0332.png,C:\projects\efficientAD\results\model13_my_product4\annotated\broken\001K8_0332_result.png,C:\projects\efficientAD\results\model13_my_product4\heatmaps\broken\001K8_0332_heatmap.png,C:\projects\efficientAD\results\model13_my_product4\anomaly_heatmaps\broken\001K8_0332_heatmap.png,ANOMALY,True,0.013492461293935776,0.007144,0.0,0.025,8.119500009343028,11.780800065025687,48.570599872618914,0,0,390,484,[],weighted_ae_difference,C:\projects\efficientAD\EfficientAD-main\output\13\trainings\mvtec_ad\my_product4\student_final.pth,C:\projects\efficientAD\EfficientAD-main\output\13\trainings\mvtec_ad\my_product4\autoencoder_final.pth,C:\projects\efficientAD\EfficientAD-main\output\13\trainings\mvtec_ad\my_product4\norm_params.json,
C:\projects\efficientAD\mydataset\my_product4\test\broken\001K8_0333.png,C:\projects\efficientAD\results\model13_my_product4\annotated\broken\001K8_0333_result.png,C:\projects\efficientAD\results\model13_my_product4\heatmaps\broken\001K8_0333_heatmap.png,C:\projects\efficientAD\results\model13_my_product4\anomaly_heatmaps\broken\001K8_0333_heatmap.png,ANOMALY,True,0.011783898808062077,0.007144,0.0,0.025,8.30419990234077,12.789600063115358,50.22799992002547,0,0,390,484,[],weighted_ae_difference,C:\projects\efficientAD\EfficientAD-main\output\13\trainings\mvtec_ad\my_product4\student_final.pth,C:\projects\efficientAD\EfficientAD-main\output\13\trainings\mvtec_ad\my_product4\autoencoder_final.pth,C:\projects\efficientAD\EfficientAD-main\output\13\trainings\mvtec_ad\my_product4\norm_params.json,
C:\projects\efficientAD\mydataset\my_product4\test\broken\001K8_0334.png,C:\projects\efficientAD\results\model13_my_product4\annotated\broken\001K8_0334_result.png,C:\projects\efficientAD\results\model13_my_product4\heatmaps\broken\001K8_0334_heatmap.png,C:\projects\efficientAD\results\model13_my_product4\anomaly_heatmaps\broken\001K8_0334_heatmap.png,ANOMALY,True,0.011712223291397095,0.007144,0.0,0.025,8.105900138616562,11.398800183087587,45.934899942949414,0,0,390,484,[],weighted_ae_difference,C:\projects\efficientAD\EfficientAD-main\output\13\trainings\mvtec_ad\my_product4\student_final.pth,C:\projects\efficientAD\EfficientAD-main\output\13\trainings\mvtec_ad\my_product4\autoencoder_final.pth,C:\projects\efficientAD\EfficientAD-main\output\13\trainings\mvtec_ad\my_product4\norm_params.json,
C:\projects\efficientAD\mydataset\my_product4\test\broken\001K8_0335.png,C:\projects\efficientAD\results\model13_my_product4\annotated\broken\001K8_0335_result.png,C:\projects\efficientAD\results\model13_my_product4\heatmaps\broken\001K8_0335_heatmap.png,C:\projects\efficientAD\results\model13_my_product4\anomaly_heatmaps\broken\001K8_0335_heatmap.png,ANOMALY,True,0.011311030015349388,0.007144,0.0,0.025,8.172700181603432,12.124400120228529,48.2530000153929,0,0,390,484,[],weighted_ae_difference,C:\projects\efficientAD\EfficientAD-main\output\13\trainings\mvtec_ad\my_product4\student_final.pth,C:\projects\efficientAD\EfficientAD-main\output\13\trainings\mvtec_ad\my_product4\autoencoder_final.pth,C:\projects\efficientAD\EfficientAD-main\output\13\trainings\mvtec_ad\my_product4\norm_params.json,
C:\projects\efficientAD\mydataset\my_product4\test\broken\001K8_0336.png,C:\projects\efficientAD\results\model13_my_product4\annotated\broken\001K8_0336_result.png,C:\projects\efficientAD\results\model13_my_product4\heatmaps\broken\001K8_0336_heatmap.png,C:\projects\efficientAD\results\model13_my_product4\anomaly_heatmaps\broken\001K8_0336_heatmap.png,ANOMALY,True,0.01565728522837162,0.007144,0.0,0.025,8.08980013243854,11.850500013679266,45.809500152245164,0,0,390,484,[],weighted_ae_difference,C:\projects\efficientAD\EfficientAD-main\output\13\trainings\mvtec_ad\my_product4\student_final.pth,C:\projects\efficientAD\EfficientAD-main\output\13\trainings\mvtec_ad\my_product4\autoencoder_final.pth,C:\projects\efficientAD\EfficientAD-main\output\13\trainings\mvtec_ad\my_product4\norm_params.json,
C:\projects\efficientAD\mydataset\my_product4\test\broken\001K8_0337.png,C:\projects\efficientAD\results\model13_my_product4\annotated\broken\001K8_0337_result.png,C:\projects\efficientAD\results\model13_my_product4\heatmaps\broken\001K8_0337_heatmap.png,C:\projects\efficientAD\results\model13_my_product4\anomaly_heatmaps\broken\001K8_0337_heatmap.png,ANOMALY,True,0.009879270568490028,0.007144,0.0,0.025,8.16690013743937,11.748400051146746,47.496299957856536,0,0,390,484,[],weighted_ae_difference,C:\projects\efficientAD\EfficientAD-main\output\13\trainings\mvtec_ad\my_product4\student_final.pth,C:\projects\efficientAD\EfficientAD-main\output\13\trainings\mvtec_ad\my_product4\autoencoder_final.pth,C:\projects\efficientAD\EfficientAD-main\output\13\trainings\mvtec_ad\my_product4\norm_params.json,
C:\projects\efficientAD\mydataset\my_product4\test\broken\001K8_0338.png,C:\projects\efficientAD\results\model13_my_product4\annotated\broken\001K8_0338_result.png,C:\projects\efficientAD\results\model13_my_product4\heatmaps\broken\001K8_0338_heatmap.png,C:\projects\efficientAD\results\model13_my_product4\anomaly_heatmaps\broken\001K8_0338_heatmap.png,ANOMALY,True,0.012883260846138,0.007144,0.0,0.025,8.356800070032477,12.89150002412498,47.98349994234741,0,0,390,484,[],weighted_ae_difference,C:\projects\efficientAD\EfficientAD-main\output\13\trainings\mvtec_ad\my_product4\student_final.pth,C:\projects\efficientAD\EfficientAD-main\output\13\trainings\mvtec_ad\my_product4\autoencoder_final.pth,C:\projects\efficientAD\EfficientAD-main\output\13\trainings\mvtec_ad\my_product4\norm_params.json,
C:\projects\efficientAD\mydataset\my_product4\test\broken\001K8_0339.png,C:\projects\efficientAD\results\model13_my_product4\annotated\broken\001K8_0339_result.png,C:\projects\efficientAD\results\model13_my_product4\heatmaps\broken\001K8_0339_heatmap.png,C:\projects\efficientAD\results\model13_my_product4\anomaly_heatmaps\broken\001K8_0339_heatmap.png,ANOMALY,True,0.014379207976162434,0.007144,0.0,0.025,8.078200044110417,11.609399924054742,47.21780004911125,0,0,390,484,[],weighted_ae_difference,C:\projects\efficientAD\EfficientAD-main\output\13\trainings\mvtec_ad\my_product4\student_final.pth,C:\projects\efficientAD\EfficientAD-main\output\13\trainings\mvtec_ad\my_product4\autoencoder_final.pth,C:\projects\efficientAD\EfficientAD-main\output\13\trainings\mvtec_ad\my_product4\norm_params.json,
C:\projects\efficientAD\mydataset\my_product4\test\broken\001K8_0340.png,C:\projects\efficientAD\results\model13_my_product4\annotated\broken\001K8_0340_result.png,C:\projects\efficientAD\results\model13_my_product4\heatmaps\broken\001K8_0340_heatmap.png,C:\projects\efficientAD\results\model13_my_product4\anomaly_heatmaps\broken\001K8_0340_heatmap.png,ANOMALY,True,0.011270815506577492,0.007144,0.0,0.025,8.100500097498298,11.850199894979596,46.844800002872944,0,0,390,484,[],weighted_ae_difference,C:\projects\efficientAD\EfficientAD-main\output\13\trainings\mvtec_ad\my_product4\student_final.pth,C:\projects\efficientAD\EfficientAD-main\output\13\trainings\mvtec_ad\my_product4\autoencoder_final.pth,C:\projects\efficientAD\EfficientAD-main\output\13\trainings\mvtec_ad\my_product4\norm_params.json,
C:\projects\efficientAD\mydataset\my_product4\test\broken\001K8_0343.png,C:\projects\efficientAD\results\model13_my_product4\annotated\broken\001K8_0343_result.png,C:\projects\efficientAD\results\model13_my_product4\heatmaps\broken\001K8_0343_heatmap.png,C:\projects\efficientAD\results\model13_my_product4\anomaly_heatmaps\broken\001K8_0343_heatmap.png,ANOMALY,True,0.012635697610676289,0.007144,0.0,0.025,8.11169994994998,11.99550018645823,46.961799962446094,0,0,390,484,[],weighted_ae_difference,C:\projects\efficientAD\EfficientAD-main\output\13\trainings\mvtec_ad\my_product4\student_final.pth,C:\projects\efficientAD\EfficientAD-main\output\13\trainings\mvtec_ad\my_product4\autoencoder_final.pth,C:\projects\efficientAD\EfficientAD-main\output\13\trainings\mvtec_ad\my_product4\norm_params.json,
C:\projects\efficientAD\mydataset\my_product4\test\broken\001K8_0345.png,C:\projects\efficientAD\results\model13_my_product4\annotated\broken\001K8_0345_result.png,C:\projects\efficientAD\results\model13_my_product4\heatmaps\broken\001K8_0345_heatmap.png,C:\projects\efficientAD\results\model13_my_product4\anomaly_heatmaps\broken\001K8_0345_heatmap.png,ANOMALY,True,0.014009709469974041,0.007144,0.0,0.025,8.295699954032898,12.084900168702006,50.7317001465708,0,0,390,484,[],weighted_ae_difference,C:\projects\efficientAD\EfficientAD-main\output\13\trainings\mvtec_ad\my_product4\student_final.pth,C:\projects\efficientAD\EfficientAD-main\output\13\trainings\mvtec_ad\my_product4\autoencoder_final.pth,C:\projects\efficientAD\EfficientAD-main\output\13\trainings\mvtec_ad\my_product4\norm_params.json,
C:\projects\efficientAD\mydataset\my_product4\test\broken\K8_0000.png,C:\projects\efficientAD\results\model13_my_product4\annotated\broken\K8_0000_result.png,C:\projects\efficientAD\results\model13_my_product4\heatmaps\broken\K8_0000_heatmap.png,C:\projects\efficientAD\results\model13_my_product4\anomaly_heatmaps\broken\K8_0000_heatmap.png,ANOMALY,True,0.010860365815460682,0.007144,0.0,0.025,8.200099924579263,12.17729994095862,53.89890004880726,0,0,390,484,[],weighted_ae_difference,C:\projects\efficientAD\EfficientAD-main\output\13\trainings\mvtec_ad\my_product4\student_final.pth,C:\projects\efficientAD\EfficientAD-main\output\13\trainings\mvtec_ad\my_product4\autoencoder_final.pth,C:\projects\efficientAD\EfficientAD-main\output\13\trainings\mvtec_ad\my_product4\norm_params.json,
C:\projects\efficientAD\mydataset\my_product4\test\broken\K8_0001.png,C:\projects\efficientAD\results\model13_my_product4\annotated\broken\K8_0001_result.png,C:\projects\efficientAD\results\model13_my_product4\heatmaps\broken\K8_0001_heatmap.png,C:\projects\efficientAD\results\model13_my_product4\anomaly_heatmaps\broken\K8_0001_heatmap.png,ANOMALY,True,0.011866671033203602,0.007144,0.0,0.025,8.083799853920937,12.101700063794851,52.93820006772876,0,0,390,484,[],weighted_ae_difference,C:\projects\efficientAD\EfficientAD-main\output\13\trainings\mvtec_ad\my_product4\student_final.pth,C:\projects\efficientAD\EfficientAD-main\output\13\trainings\mvtec_ad\my_product4\autoencoder_final.pth,C:\projects\efficientAD\EfficientAD-main\output\13\trainings\mvtec_ad\my_product4\norm_params.json,
C:\projects\efficientAD\mydataset\my_product4\test\broken\K8_0002.png,C:\projects\efficientAD\results\model13_my_product4\annotated\broken\K8_0002_result.png,C:\projects\efficientAD\results\model13_my_product4\heatmaps\broken\K8_0002_heatmap.png,C:\projects\efficientAD\results\model13_my_product4\anomaly_heatmaps\broken\K8_0002_heatmap.png,ANOMALY,True,0.012306557036936283,0.007144,0.0,0.025,8.256700122728944,12.670199852436781,53.883699933066964,0,0,390,484,[],weighted_ae_difference,C:\projects\efficientAD\EfficientAD-main\output\13\trainings\mvtec_ad\my_product4\student_final.pth,C:\projects\efficientAD\EfficientAD-main\output\13\trainings\mvtec_ad\my_product4\autoencoder_final.pth,C:\projects\efficientAD\EfficientAD-main\output\13\trainings\mvtec_ad\my_product4\norm_params.json,
C:\projects\efficientAD\mydataset\my_product4\test\good\003K8_0217.png,C:\projects\efficientAD\results\model13_my_product4\annotated\good\003K8_0217_result.png,C:\projects\efficientAD\results\model13_my_product4\heatmaps\good\003K8_0217_heatmap.png,,NORMAL,False,0.004552123136818409,0.007144,0.0,0.025,8.106600027531385,11.583599960431457,40.27420002967119,0,0,390,484,[],weighted_ae_difference,C:\projects\efficientAD\EfficientAD-main\output\13\trainings\mvtec_ad\my_product4\student_final.pth,C:\projects\efficientAD\EfficientAD-main\output\13\trainings\mvtec_ad\my_product4\autoencoder_final.pth,C:\projects\efficientAD\EfficientAD-main\output\13\trainings\mvtec_ad\my_product4\norm_params.json,
C:\projects\efficientAD\mydataset\my_product4\test\good\003K8_0218.png,C:\projects\efficientAD\results\model13_my_product4\annotated\good\003K8_0218_result.png,C:\projects\efficientAD\results\model13_my_product4\heatmaps\good\003K8_0218_heatmap.png,,NORMAL,False,0.0038013625890016556,0.007144,0.0,0.025,8.291899925097823,12.551499996334314,43.52279985323548,0,0,390,484,[],weighted_ae_difference,C:\projects\efficientAD\EfficientAD-main\output\13\trainings\mvtec_ad\my_product4\student_final.pth,C:\projects\efficientAD\EfficientAD-main\output\13\trainings\mvtec_ad\my_product4\autoencoder_final.pth,C:\projects\efficientAD\EfficientAD-main\output\13\trainings\mvtec_ad\my_product4\norm_params.json,
C:\projects\efficientAD\mydataset\my_product4\test\good\003K8_0219.png,C:\projects\efficientAD\results\model13_my_product4\annotated\good\003K8_0219_result.png,C:\projects\efficientAD\results\model13_my_product4\heatmaps\good\003K8_0219_heatmap.png,,NORMAL,False,0.00553777813911438,0.007144,0.0,0.025,8.201999822631478,12.78640003874898,43.34079986438155,0,0,390,484,[],weighted_ae_difference,C:\projects\efficientAD\EfficientAD-main\output\13\trainings\mvtec_ad\my_product4\student_final.pth,C:\projects\efficientAD\EfficientAD-main\output\13\trainings\mvtec_ad\my_product4\autoencoder_final.pth,C:\projects\efficientAD\EfficientAD-main\output\13\trainings\mvtec_ad\my_product4\norm_params.json,
C:\projects\efficientAD\mydataset\my_product4\test\good\003K8_0220.png,C:\projects\efficientAD\results\model13_my_product4\annotated\good\003K8_0220_result.png,C:\projects\efficientAD\results\model13_my_product4\heatmaps\good\003K8_0220_heatmap.png,,NORMAL,False,0.005599606316536665,0.007144,0.0,0.025,8.078499929979444,11.566000059247017,41.95119999349117,0,0,390,484,[],weighted_ae_difference,C:\projects\efficientAD\EfficientAD-main\output\13\trainings\mvtec_ad\my_product4\student_final.pth,C:\projects\efficientAD\EfficientAD-main\output\13\trainings\mvtec_ad\my_product4\autoencoder_final.pth,C:\projects\efficientAD\EfficientAD-main\output\13\trainings\mvtec_ad\my_product4\norm_params.json,
C:\projects\efficientAD\mydataset\my_product4\test\good\003K8_0221.png,C:\projects\efficientAD\results\model13_my_product4\annotated\good\003K8_0221_result.png,C:\projects\efficientAD\results\model13_my_product4\heatmaps\good\003K8_0221_heatmap.png,,NORMAL,False,0.0061725713312625885,0.007144,0.0,0.025,8.127899840474129,11.664000106975436,41.112500010058284,0,0,390,484,[],weighted_ae_difference,C:\projects\efficientAD\EfficientAD-main\output\13\trainings\mvtec_ad\my_product4\student_final.pth,C:\projects\efficientAD\EfficientAD-main\output\13\trainings\mvtec_ad\my_product4\autoencoder_final.pth,C:\projects\efficientAD\EfficientAD-main\output\13\trainings\mvtec_ad\my_product4\norm_params.json,
C:\projects\efficientAD\mydataset\my_product4\test\good\003K8_0222.png,C:\projects\efficientAD\results\model13_my_product4\annotated\good\003K8_0222_result.png,C:\projects\efficientAD\results\model13_my_product4\heatmaps\good\003K8_0222_heatmap.png,,NORMAL,False,0.005294837523251772,0.007144,0.0,0.025,8.153100032359362,12.21259986050427,41.13980010151863,0,0,390,484,[],weighted_ae_difference,C:\projects\efficientAD\EfficientAD-main\output\13\trainings\mvtec_ad\my_product4\student_final.pth,C:\projects\efficientAD\EfficientAD-main\output\13\trainings\mvtec_ad\my_product4\autoencoder_final.pth,C:\projects\efficientAD\EfficientAD-main\output\13\trainings\mvtec_ad\my_product4\norm_params.json,
C:\projects\efficientAD\mydataset\my_product4\test\good\003K8_0223.png,C:\projects\efficientAD\results\model13_my_product4\annotated\good\003K8_0223_result.png,C:\projects\efficientAD\results\model13_my_product4\heatmaps\good\003K8_0223_heatmap.png,,NORMAL,False,0.0049792081117630005,0.007144,0.0,0.025,19.941699923947453,23.710499983280897,51.37420003302395,0,0,390,484,[],weighted_ae_difference,C:\projects\efficientAD\EfficientAD-main\output\13\trainings\mvtec_ad\my_product4\student_final.pth,C:\projects\efficientAD\EfficientAD-main\output\13\trainings\mvtec_ad\my_product4\autoencoder_final.pth,C:\projects\efficientAD\EfficientAD-main\output\13\trainings\mvtec_ad\my_product4\norm_params.json,
C:\projects\efficientAD\mydataset\my_product4\test\good\003K8_0224.png,C:\projects\efficientAD\results\model13_my_product4\annotated\good\003K8_0224_result.png,C:\projects\efficientAD\results\model13_my_product4\heatmaps\good\003K8_0224_heatmap.png,,NORMAL,False,0.0040013412944972515,0.007144,0.0,0.025,19.874799996614456,24.31480004452169,54.45519997738302,0,0,390,484,[],weighted_ae_difference,C:\projects\efficientAD\EfficientAD-main\output\13\trainings\mvtec_ad\my_product4\student_final.pth,C:\projects\efficientAD\EfficientAD-main\output\13\trainings\mvtec_ad\my_product4\autoencoder_final.pth,C:\projects\efficientAD\EfficientAD-main\output\13\trainings\mvtec_ad\my_product4\norm_params.json,
C:\projects\efficientAD\mydataset\my_product4\test\good\003K8_0225.png,C:\projects\efficientAD\results\model13_my_product4\annotated\good\003K8_0225_result.png,C:\projects\efficientAD\results\model13_my_product4\heatmaps\good\003K8_0225_heatmap.png,,NORMAL,False,0.005222337320446968,0.007144,0.0,0.025,19.691399997100234,24.55139998346567,54.53719990327954,0,0,390,484,[],weighted_ae_difference,C:\projects\efficientAD\EfficientAD-main\output\13\trainings\mvtec_ad\my_product4\student_final.pth,C:\projects\efficientAD\EfficientAD-main\output\13\trainings\mvtec_ad\my_product4\autoencoder_final.pth,C:\projects\efficientAD\EfficientAD-main\output\13\trainings\mvtec_ad\my_product4\norm_params.json,
C:\projects\efficientAD\mydataset\my_product4\test\good\003K8_0226.png,C:\projects\efficientAD\results\model13_my_product4\annotated\good\003K8_0226_result.png,C:\projects\efficientAD\results\model13_my_product4\heatmaps\good\003K8_0226_heatmap.png,,NORMAL,False,0.005604030564427376,0.007144,0.0,0.025,18.990800017490983,22.745100082829595,50.720399944111705,0,0,390,484,[],weighted_ae_difference,C:\projects\efficientAD\EfficientAD-main\output\13\trainings\mvtec_ad\my_product4\student_final.pth,C:\projects\efficientAD\EfficientAD-main\output\13\trainings\mvtec_ad\my_product4\autoencoder_final.pth,C:\projects\efficientAD\EfficientAD-main\output\13\trainings\mvtec_ad\my_product4\norm_params.json,
C:\projects\efficientAD\mydataset\my_product4\test\good\003K8_0227.png,C:\projects\efficientAD\results\model13_my_product4\annotated\good\003K8_0227_result.png,C:\projects\efficientAD\results\model13_my_product4\heatmaps\good\003K8_0227_heatmap.png,,NORMAL,False,0.004321080166846514,0.007144,0.0,0.025,18.88610003516078,23.42560002580285,52.55389981903136,0,0,390,484,[],weighted_ae_difference,C:\projects\efficientAD\EfficientAD-main\output\13\trainings\mvtec_ad\my_product4\student_final.pth,C:\projects\efficientAD\EfficientAD-main\output\13\trainings\mvtec_ad\my_product4\autoencoder_final.pth,C:\projects\efficientAD\EfficientAD-main\output\13\trainings\mvtec_ad\my_product4\norm_params.json,
C:\projects\efficientAD\mydataset\my_product4\test\good\003K8_0228.png,C:\projects\efficientAD\results\model13_my_product4\annotated\good\003K8_0228_result.png,C:\projects\efficientAD\results\model13_my_product4\heatmaps\good\003K8_0228_heatmap.png,,NORMAL,False,0.0041810874827206135,0.007144,0.0,0.025,18.975700018927455,22.43299991823733,50.735400058329105,0,0,390,484,[],weighted_ae_difference,C:\projects\efficientAD\EfficientAD-main\output\13\trainings\mvtec_ad\my_product4\student_final.pth,C:\projects\efficientAD\EfficientAD-main\output\13\trainings\mvtec_ad\my_product4\autoencoder_final.pth,C:\projects\efficientAD\EfficientAD-main\output\13\trainings\mvtec_ad\my_product4\norm_params.json,
C:\projects\efficientAD\mydataset\my_product4\test\good\003K8_0229.png,C:\projects\efficientAD\results\model13_my_product4\annotated\good\003K8_0229_result.png,C:\projects\efficientAD\results\model13_my_product4\heatmaps\good\003K8_0229_heatmap.png,,NORMAL,False,0.004588710609823465,0.007144,0.0,0.025,19.13070003502071,22.723100148141384,53.06229996494949,0,0,390,484,[],weighted_ae_difference,C:\projects\efficientAD\EfficientAD-main\output\13\trainings\mvtec_ad\my_product4\student_final.pth,C:\projects\efficientAD\EfficientAD-main\output\13\trainings\mvtec_ad\my_product4\autoencoder_final.pth,C:\projects\efficientAD\EfficientAD-main\output\13\trainings\mvtec_ad\my_product4\norm_params.json,
C:\projects\efficientAD\mydataset\my_product4\test\good\003K8_0230.png,C:\projects\efficientAD\results\model13_my_product4\annotated\good\003K8_0230_result.png,C:\projects\efficientAD\results\model13_my_product4\heatmaps\good\003K8_0230_heatmap.png,,NORMAL,False,0.004105286207050085,0.007144,0.0,0.025,19.10039992071688,22.669399855658412,51.60419992171228,0,0,390,484,[],weighted_ae_difference,C:\projects\efficientAD\EfficientAD-main\output\13\trainings\mvtec_ad\my_product4\student_final.pth,C:\projects\efficientAD\EfficientAD-main\output\13\trainings\mvtec_ad\my_product4\autoencoder_final.pth,C:\projects\efficientAD\EfficientAD-main\output\13\trainings\mvtec_ad\my_product4\norm_params.json,
C:\projects\efficientAD\mydataset\my_product4\test\good\003K8_0231.png,C:\projects\efficientAD\results\model13_my_product4\annotated\good\003K8_0231_result.png,C:\projects\efficientAD\results\model13_my_product4\heatmaps\good\003K8_0231_heatmap.png,,NORMAL,False,0.004355092067271471,0.007144,0.0,0.025,19.358400022611022,22.83739997074008,49.466000171378255,0,0,390,484,[],weighted_ae_difference,C:\projects\efficientAD\EfficientAD-main\output\13\trainings\mvtec_ad\my_product4\student_final.pth,C:\projects\efficientAD\EfficientAD-main\output\13\trainings\mvtec_ad\my_product4\autoencoder_final.pth,C:\projects\efficientAD\EfficientAD-main\output\13\trainings\mvtec_ad\my_product4\norm_params.json,
C:\projects\efficientAD\mydataset\my_product4\test\good\003K8_0232.png,C:\projects\efficientAD\results\model13_my_product4\annotated\good\003K8_0232_result.png,C:\projects\efficientAD\results\model13_my_product4\heatmaps\good\003K8_0232_heatmap.png,,NORMAL,False,0.00546969473361969,0.007144,0.0,0.025,19.140899879857898,23.550499929115176,49.86690008081496,0,0,390,484,[],weighted_ae_difference,C:\projects\efficientAD\EfficientAD-main\output\13\trainings\mvtec_ad\my_product4\student_final.pth,C:\projects\efficientAD\EfficientAD-main\output\13\trainings\mvtec_ad\my_product4\autoencoder_final.pth,C:\projects\efficientAD\EfficientAD-main\output\13\trainings\mvtec_ad\my_product4\norm_params.json,
C:\projects\efficientAD\mydataset\my_product4\test\good\003K8_0233.png,C:\projects\efficientAD\results\model13_my_product4\annotated\good\003K8_0233_result.png,C:\projects\efficientAD\results\model13_my_product4\heatmaps\good\003K8_0233_heatmap.png,,NORMAL,False,0.0060610841028392315,0.007144,0.0,0.025,19.195500062778592,23.0407000053674,50.34810001961887,0,0,390,484,[],weighted_ae_difference,C:\projects\efficientAD\EfficientAD-main\output\13\trainings\mvtec_ad\my_product4\student_final.pth,C:\projects\efficientAD\EfficientAD-main\output\13\trainings\mvtec_ad\my_product4\autoencoder_final.pth,C:\projects\efficientAD\EfficientAD-main\output\13\trainings\mvtec_ad\my_product4\norm_params.json,
C:\projects\efficientAD\mydataset\my_product4\test\good\003K8_0234.png,C:\projects\efficientAD\results\model13_my_product4\annotated\good\003K8_0234_result.png,C:\projects\efficientAD\results\model13_my_product4\heatmaps\good\003K8_0234_heatmap.png,,NORMAL,False,0.004856138024479151,0.007144,0.0,0.025,19.230599980801344,22.63180003501475,50.8840000256896,0,0,390,484,[],weighted_ae_difference,C:\projects\efficientAD\EfficientAD-main\output\13\trainings\mvtec_ad\my_product4\student_final.pth,C:\projects\efficientAD\EfficientAD-main\output\13\trainings\mvtec_ad\my_product4\autoencoder_final.pth,C:\projects\efficientAD\EfficientAD-main\output\13\trainings\mvtec_ad\my_product4\norm_params.json,
C:\projects\efficientAD\mydataset\my_product4\test\good\003K8_0235.png,C:\projects\efficientAD\results\model13_my_product4\annotated\good\003K8_0235_result.png,C:\projects\efficientAD\results\model13_my_product4\heatmaps\good\003K8_0235_heatmap.png,,NORMAL,False,0.004638357553631067,0.007144,0.0,0.025,19.0658001229167,22.627699887380004,49.346999963745475,0,0,390,484,[],weighted_ae_difference,C:\projects\efficientAD\EfficientAD-main\output\13\trainings\mvtec_ad\my_product4\student_final.pth,C:\projects\efficientAD\EfficientAD-main\output\13\trainings\mvtec_ad\my_product4\autoencoder_final.pth,C:\projects\efficientAD\EfficientAD-main\output\13\trainings\mvtec_ad\my_product4\norm_params.json,
C:\projects\efficientAD\mydataset\my_product4\test\good\003K8_0236.png,C:\projects\efficientAD\results\model13_my_product4\annotated\good\003K8_0236_result.png,C:\projects\efficientAD\results\model13_my_product4\heatmaps\good\003K8_0236_heatmap.png,,NORMAL,False,0.005057467147707939,0.007144,0.0,0.025,19.142900127917528,24.0168001037091,51.95809993892908,0,0,390,484,[],weighted_ae_difference,C:\projects\efficientAD\EfficientAD-main\output\13\trainings\mvtec_ad\my_product4\student_final.pth,C:\projects\efficientAD\EfficientAD-main\output\13\trainings\mvtec_ad\my_product4\autoencoder_final.pth,C:\projects\efficientAD\EfficientAD-main\output\13\trainings\mvtec_ad\my_product4\norm_params.json,
C:\projects\efficientAD\mydataset\my_product4\test\good\003K8_0237.png,C:\projects\efficientAD\results\model13_my_product4\annotated\good\003K8_0237_result.png,C:\projects\efficientAD\results\model13_my_product4\heatmaps\good\003K8_0237_heatmap.png,,NORMAL,False,0.005381017457693815,0.007144,0.0,0.025,19.163199933245778,22.836799966171384,52.24720016121864,0,0,390,484,[],weighted_ae_difference,C:\projects\efficientAD\EfficientAD-main\output\13\trainings\mvtec_ad\my_product4\student_final.pth,C:\projects\efficientAD\EfficientAD-main\output\13\trainings\mvtec_ad\my_product4\autoencoder_final.pth,C:\projects\efficientAD\EfficientAD-main\output\13\trainings\mvtec_ad\my_product4\norm_params.json,
C:\projects\efficientAD\mydataset\my_product4\test\good\003K8_0238.png,C:\projects\efficientAD\results\model13_my_product4\annotated\good\003K8_0238_result.png,C:\projects\efficientAD\results\model13_my_product4\heatmaps\good\003K8_0238_heatmap.png,,NORMAL,False,0.004910476505756378,0.007144,0.0,0.025,19.049099879339337,23.32230005413294,51.07959988527,0,0,390,484,[],weighted_ae_difference,C:\projects\efficientAD\EfficientAD-main\output\13\trainings\mvtec_ad\my_product4\student_final.pth,C:\projects\efficientAD\EfficientAD-main\output\13\trainings\mvtec_ad\my_product4\autoencoder_final.pth,C:\projects\efficientAD\EfficientAD-main\output\13\trainings\mvtec_ad\my_product4\norm_params.json,
C:\projects\efficientAD\mydataset\my_product4\test\good\003K8_0239.png,C:\projects\efficientAD\results\model13_my_product4\annotated\good\003K8_0239_result.png,C:\projects\efficientAD\results\model13_my_product4\heatmaps\good\003K8_0239_heatmap.png,,NORMAL,False,0.005339954048395157,0.007144,0.0,0.025,19.31559992954135,22.841500118374825,50.20649987272918,0,0,390,484,[],weighted_ae_difference,C:\projects\efficientAD\EfficientAD-main\output\13\trainings\mvtec_ad\my_product4\student_final.pth,C:\projects\efficientAD\EfficientAD-main\output\13\trainings\mvtec_ad\my_product4\autoencoder_final.pth,C:\projects\efficientAD\EfficientAD-main\output\13\trainings\mvtec_ad\my_product4\norm_params.json,
C:\projects\efficientAD\mydataset\my_product4\test\good\003K8_0240.png,C:\projects\efficientAD\results\model13_my_product4\annotated\good\003K8_0240_result.png,C:\projects\efficientAD\results\model13_my_product4\heatmaps\good\003K8_0240_heatmap.png,,NORMAL,False,0.004253429360687733,0.007144,0.0,0.025,19.30420007556677,23.001299938187003,51.6780000180006,0,0,390,484,[],weighted_ae_difference,C:\projects\efficientAD\EfficientAD-main\output\13\trainings\mvtec_ad\my_product4\student_final.pth,C:\projects\efficientAD\EfficientAD-main\output\13\trainings\mvtec_ad\my_product4\autoencoder_final.pth,C:\projects\efficientAD\EfficientAD-main\output\13\trainings\mvtec_ad\my_product4\norm_params.json,
C:\projects\efficientAD\mydataset\my_product4\test\good\003K8_0241.png,C:\projects\efficientAD\results\model13_my_product4\annotated\good\003K8_0241_result.png,C:\projects\efficientAD\results\model13_my_product4\heatmaps\good\003K8_0241_heatmap.png,,NORMAL,False,0.004738244693726301,0.007144,0.0,0.025,19.190399907529354,23.369899950921535,51.69069999828935,0,0,390,484,[],weighted_ae_difference,C:\projects\efficientAD\EfficientAD-main\output\13\trainings\mvtec_ad\my_product4\student_final.pth,C:\projects\efficientAD\EfficientAD-main\output\13\trainings\mvtec_ad\my_product4\autoencoder_final.pth,C:\projects\efficientAD\EfficientAD-main\output\13\trainings\mvtec_ad\my_product4\norm_params.json,
C:\projects\efficientAD\mydataset\my_product4\test\good\003K8_0242.png,C:\projects\efficientAD\results\model13_my_product4\annotated\good\003K8_0242_result.png,C:\projects\efficientAD\results\model13_my_product4\heatmaps\good\003K8_0242_heatmap.png,,NORMAL,False,0.006006443873047829,0.007144,0.0,0.025,19.013300072401762,22.745199967175722,51.144100027158856,0,0,390,484,[],weighted_ae_difference,C:\projects\efficientAD\EfficientAD-main\output\13\trainings\mvtec_ad\my_product4\student_final.pth,C:\projects\efficientAD\EfficientAD-main\output\13\trainings\mvtec_ad\my_product4\autoencoder_final.pth,C:\projects\efficientAD\EfficientAD-main\output\13\trainings\mvtec_ad\my_product4\norm_params.json,
C:\projects\efficientAD\mydataset\my_product4\test\good\003K8_0243.png,C:\projects\efficientAD\results\model13_my_product4\annotated\good\003K8_0243_result.png,C:\projects\efficientAD\results\model13_my_product4\heatmaps\good\003K8_0243_heatmap.png,,NORMAL,False,0.005666167009621859,0.007144,0.0,0.025,19.08180001191795,23.557099979370832,53.07499994523823,0,0,390,484,[],weighted_ae_difference,C:\projects\efficientAD\EfficientAD-main\output\13\trainings\mvtec_ad\my_product4\student_final.pth,C:\projects\efficientAD\EfficientAD-main\output\13\trainings\mvtec_ad\my_product4\autoencoder_final.pth,C:\projects\efficientAD\EfficientAD-main\output\13\trainings\mvtec_ad\my_product4\norm_params.json,
C:\projects\efficientAD\mydataset\my_product4\test\good\003K8_0244.png,C:\projects\efficientAD\results\model13_my_product4\annotated\good\003K8_0244_result.png,C:\projects\efficientAD\results\model13_my_product4\heatmaps\good\003K8_0244_heatmap.png,,NORMAL,False,0.006216919980943203,0.007144,0.0,0.025,19.440699834376574,23.389700101688504,53.4924000967294,0,0,390,484,[],weighted_ae_difference,C:\projects\efficientAD\EfficientAD-main\output\13\trainings\mvtec_ad\my_product4\student_final.pth,C:\projects\efficientAD\EfficientAD-main\output\13\trainings\mvtec_ad\my_product4\autoencoder_final.pth,C:\projects\efficientAD\EfficientAD-main\output\13\trainings\mvtec_ad\my_product4\norm_params.json,
C:\projects\efficientAD\mydataset\my_product4\test\good\003K8_0245.png,C:\projects\efficientAD\results\model13_my_product4\annotated\good\003K8_0245_result.png,C:\projects\efficientAD\results\model13_my_product4\heatmaps\good\003K8_0245_heatmap.png,,NORMAL,False,0.0044660004787147045,0.007144,0.0,0.025,19.514999818056822,24.645899888128042,53.88109991326928,0,0,390,484,[],weighted_ae_difference,C:\projects\efficientAD\EfficientAD-main\output\13\trainings\mvtec_ad\my_product4\student_final.pth,C:\projects\efficientAD\EfficientAD-main\output\13\trainings\mvtec_ad\my_product4\autoencoder_final.pth,C:\projects\efficientAD\EfficientAD-main\output\13\trainings\mvtec_ad\my_product4\norm_params.json,
C:\projects\efficientAD\mydataset\my_product4\test\good\003K8_0246.png,C:\projects\efficientAD\results\model13_my_product4\annotated\good\003K8_0246_result.png,C:\projects\efficientAD\results\model13_my_product4\heatmaps\good\003K8_0246_heatmap.png,,NORMAL,False,0.004520583897829056,0.007144,0.0,0.025,19.212499959394336,23.19719991646707,51.78219988010824,0,0,390,484,[],weighted_ae_difference,C:\projects\efficientAD\EfficientAD-main\output\13\trainings\mvtec_ad\my_product4\student_final.pth,C:\projects\efficientAD\EfficientAD-main\output\13\trainings\mvtec_ad\my_product4\autoencoder_final.pth,C:\projects\efficientAD\EfficientAD-main\output\13\trainings\mvtec_ad\my_product4\norm_params.json,
C:\projects\efficientAD\mydataset\my_product4\test\good\003K8_0247.png,C:\projects\efficientAD\results\model13_my_product4\annotated\good\003K8_0247_result.png,C:\projects\efficientAD\results\model13_my_product4\heatmaps\good\003K8_0247_heatmap.png,,NORMAL,False,0.006390552967786789,0.007144,0.0,0.025,19.486499950289726,23.029200034216046,52.93469992466271,0,0,390,484,[],weighted_ae_difference,C:\projects\efficientAD\EfficientAD-main\output\13\trainings\mvtec_ad\my_product4\student_final.pth,C:\projects\efficientAD\EfficientAD-main\output\13\trainings\mvtec_ad\my_product4\autoencoder_final.pth,C:\projects\efficientAD\EfficientAD-main\output\13\trainings\mvtec_ad\my_product4\norm_params.json,
C:\projects\efficientAD\mydataset\my_product4\test\good\003K8_0248.png,C:\projects\efficientAD\results\model13_my_product4\annotated\good\003K8_0248_result.png,C:\projects\efficientAD\results\model13_my_product4\heatmaps\good\003K8_0248_heatmap.png,,NORMAL,False,0.004380045458674431,0.007144,0.0,0.025,19.13400017656386,22.91739988140762,52.06420016475022,0,0,390,484,[],weighted_ae_difference,C:\projects\efficientAD\EfficientAD-main\output\13\trainings\mvtec_ad\my_product4\student_final.pth,C:\projects\efficientAD\EfficientAD-main\output\13\trainings\mvtec_ad\my_product4\autoencoder_final.pth,C:\projects\efficientAD\EfficientAD-main\output\13\trainings\mvtec_ad\my_product4\norm_params.json,
C:\projects\efficientAD\mydataset\my_product4\test\good\003K8_0249.png,C:\projects\efficientAD\results\model13_my_product4\annotated\good\003K8_0249_result.png,C:\projects\efficientAD\results\model13_my_product4\heatmaps\good\003K8_0249_heatmap.png,,NORMAL,False,0.004926078021526337,0.007144,0.0,0.025,19.331600051373243,22.808900102972984,51.09319998882711,0,0,390,484,[],weighted_ae_difference,C:\projects\efficientAD\EfficientAD-main\output\13\trainings\mvtec_ad\my_product4\student_final.pth,C:\projects\efficientAD\EfficientAD-main\output\13\trainings\mvtec_ad\my_product4\autoencoder_final.pth,C:\projects\efficientAD\EfficientAD-main\output\13\trainings\mvtec_ad\my_product4\norm_params.json,
C:\projects\efficientAD\mydataset\my_product4\test\good\003K8_0250.png,C:\projects\efficientAD\results\model13_my_product4\annotated\good\003K8_0250_result.png,C:\projects\efficientAD\results\model13_my_product4\heatmaps\good\003K8_0250_heatmap.png,,NORMAL,False,0.004790528677403927,0.007144,0.0,0.025,19.123199861496687,22.96889992430806,50.99570006132126,0,0,390,484,[],weighted_ae_difference,C:\projects\efficientAD\EfficientAD-main\output\13\trainings\mvtec_ad\my_product4\student_final.pth,C:\projects\efficientAD\EfficientAD-main\output\13\trainings\mvtec_ad\my_product4\autoencoder_final.pth,C:\projects\efficientAD\EfficientAD-main\output\13\trainings\mvtec_ad\my_product4\norm_params.json,
C:\projects\efficientAD\mydataset\my_product4\test\good\003K8_0251.png,C:\projects\efficientAD\results\model13_my_product4\annotated\good\003K8_0251_result.png,C:\projects\efficientAD\results\model13_my_product4\heatmaps\good\003K8_0251_heatmap.png,,NORMAL,False,0.005430091638118029,0.007144,0.0,0.025,19.108900101855397,22.53550011664629,52.74990014731884,0,0,390,484,[],weighted_ae_difference,C:\projects\efficientAD\EfficientAD-main\output\13\trainings\mvtec_ad\my_product4\student_final.pth,C:\projects\efficientAD\EfficientAD-main\output\13\trainings\mvtec_ad\my_product4\autoencoder_final.pth,C:\projects\efficientAD\EfficientAD-main\output\13\trainings\mvtec_ad\my_product4\norm_params.json,
C:\projects\efficientAD\mydataset\my_product4\test\good\003K8_0252.png,C:\projects\efficientAD\results\model13_my_product4\annotated\good\003K8_0252_result.png,C:\projects\efficientAD\results\model13_my_product4\heatmaps\good\003K8_0252_heatmap.png,,NORMAL,False,0.004872801247984171,0.007144,0.0,0.025,19.006799906492233,23.027700139209628,51.66280013509095,0,0,390,484,[],weighted_ae_difference,C:\projects\efficientAD\EfficientAD-main\output\13\trainings\mvtec_ad\my_product4\student_final.pth,C:\projects\efficientAD\EfficientAD-main\output\13\trainings\mvtec_ad\my_product4\autoencoder_final.pth,C:\projects\efficientAD\EfficientAD-main\output\13\trainings\mvtec_ad\my_product4\norm_params.json,
C:\projects\efficientAD\mydataset\my_product4\test\good\003K8_0253.png,C:\projects\efficientAD\results\model13_my_product4\annotated\good\003K8_0253_result.png,C:\projects\efficientAD\results\model13_my_product4\heatmaps\good\003K8_0253_heatmap.png,,NORMAL,False,0.003917268477380276,0.007144,0.0,0.025,19.287100061774254,23.910899879410863,55.05540012381971,0,0,390,484,[],weighted_ae_difference,C:\projects\efficientAD\EfficientAD-main\output\13\trainings\mvtec_ad\my_product4\student_final.pth,C:\projects\efficientAD\EfficientAD-main\output\13\trainings\mvtec_ad\my_product4\autoencoder_final.pth,C:\projects\efficientAD\EfficientAD-main\output\13\trainings\mvtec_ad\my_product4\norm_params.json,
C:\projects\efficientAD\mydataset\my_product4\test\good\003K8_0254.png,C:\projects\efficientAD\results\model13_my_product4\annotated\good\003K8_0254_result.png,C:\projects\efficientAD\results\model13_my_product4\heatmaps\good\003K8_0254_heatmap.png,,NORMAL,False,0.005954084452241659,0.007144,0.0,0.025,19.16820020414889,22.878000047057867,52.27349977940321,0,0,390,484,[],weighted_ae_difference,C:\projects\efficientAD\EfficientAD-main\output\13\trainings\mvtec_ad\my_product4\student_final.pth,C:\projects\efficientAD\EfficientAD-main\output\13\trainings\mvtec_ad\my_product4\autoencoder_final.pth,C:\projects\efficientAD\EfficientAD-main\output\13\trainings\mvtec_ad\my_product4\norm_params.json,
C:\projects\efficientAD\mydataset\my_product4\test\good\003K8_0255.png,C:\projects\efficientAD\results\model13_my_product4\annotated\good\003K8_0255_result.png,C:\projects\efficientAD\results\model13_my_product4\heatmaps\good\003K8_0255_heatmap.png,,NORMAL,False,0.005189521238207817,0.007144,0.0,0.025,19.15720012038946,23.524600081145763,53.04779997095466,0,0,390,484,[],weighted_ae_difference,C:\projects\efficientAD\EfficientAD-main\output\13\trainings\mvtec_ad\my_product4\student_final.pth,C:\projects\efficientAD\EfficientAD-main\output\13\trainings\mvtec_ad\my_product4\autoencoder_final.pth,C:\projects\efficientAD\EfficientAD-main\output\13\trainings\mvtec_ad\my_product4\norm_params.json,
C:\projects\efficientAD\mydataset\my_product4\test\good\003K8_0256.png,C:\projects\efficientAD\results\model13_my_product4\annotated\good\003K8_0256_result.png,C:\projects\efficientAD\results\model13_my_product4\heatmaps\good\003K8_0256_heatmap.png,,NORMAL,False,0.004813976585865021,0.007144,0.0,0.025,19.043499836698174,22.494700038805604,50.560700008645654,0,0,390,484,[],weighted_ae_difference,C:\projects\efficientAD\EfficientAD-main\output\13\trainings\mvtec_ad\my_product4\student_final.pth,C:\projects\efficientAD\EfficientAD-main\output\13\trainings\mvtec_ad\my_product4\autoencoder_final.pth,C:\projects\efficientAD\EfficientAD-main\output\13\trainings\mvtec_ad\my_product4\norm_params.json,
C:\projects\efficientAD\mydataset\my_product4\test\good\003K8_0257.png,C:\projects\efficientAD\results\model13_my_product4\annotated\good\003K8_0257_result.png,C:\projects\efficientAD\results\model13_my_product4\heatmaps\good\003K8_0257_heatmap.png,,NORMAL,False,0.004483614582568407,0.007144,0.0,0.025,19.479300128296018,23.115199990570545,50.995799945667386,0,0,390,484,[],weighted_ae_difference,C:\projects\efficientAD\EfficientAD-main\output\13\trainings\mvtec_ad\my_product4\student_final.pth,C:\projects\efficientAD\EfficientAD-main\output\13\trainings\mvtec_ad\my_product4\autoencoder_final.pth,C:\projects\efficientAD\EfficientAD-main\output\13\trainings\mvtec_ad\my_product4\norm_params.json,
C:\projects\efficientAD\mydataset\my_product4\test\good\003K8_0258.png,C:\projects\efficientAD\results\model13_my_product4\annotated\good\003K8_0258_result.png,C:\projects\efficientAD\results\model13_my_product4\heatmaps\good\003K8_0258_heatmap.png,,NORMAL,False,0.004158103838562965,0.007144,0.0,0.025,19.356500124558806,23.506300058215857,50.6823998875916,0,0,390,484,[],weighted_ae_difference,C:\projects\efficientAD\EfficientAD-main\output\13\trainings\mvtec_ad\my_product4\student_final.pth,C:\projects\efficientAD\EfficientAD-main\output\13\trainings\mvtec_ad\my_product4\autoencoder_final.pth,C:\projects\efficientAD\EfficientAD-main\output\13\trainings\mvtec_ad\my_product4\norm_params.json,
C:\projects\efficientAD\mydataset\my_product4\test\good\003K8_0259.png,C:\projects\efficientAD\results\model13_my_product4\annotated\good\003K8_0259_result.png,C:\projects\efficientAD\results\model13_my_product4\heatmaps\good\003K8_0259_heatmap.png,,NORMAL,False,0.005083030555397272,0.007144,0.0,0.025,19.310300005599856,22.62669987976551,50.01479992642999,0,0,390,484,[],weighted_ae_difference,C:\projects\efficientAD\EfficientAD-main\output\13\trainings\mvtec_ad\my_product4\student_final.pth,C:\projects\efficientAD\EfficientAD-main\output\13\trainings\mvtec_ad\my_product4\autoencoder_final.pth,C:\projects\efficientAD\EfficientAD-main\output\13\trainings\mvtec_ad\my_product4\norm_params.json,
C:\projects\efficientAD\mydataset\my_product4\test\good\003K8_0260.png,C:\projects\efficientAD\results\model13_my_product4\annotated\good\003K8_0260_result.png,C:\projects\efficientAD\results\model13_my_product4\heatmaps\good\003K8_0260_heatmap.png,,NORMAL,False,0.005446752067655325,0.007144,0.0,0.025,19.418499898165464,22.885699989274144,51.29879992455244,0,0,390,484,[],weighted_ae_difference,C:\projects\efficientAD\EfficientAD-main\output\13\trainings\mvtec_ad\my_product4\student_final.pth,C:\projects\efficientAD\EfficientAD-main\output\13\trainings\mvtec_ad\my_product4\autoencoder_final.pth,C:\projects\efficientAD\EfficientAD-main\output\13\trainings\mvtec_ad\my_product4\norm_params.json,
C:\projects\efficientAD\mydataset\my_product4\test\good\003K8_0261.png,C:\projects\efficientAD\results\model13_my_product4\annotated\good\003K8_0261_result.png,C:\projects\efficientAD\results\model13_my_product4\heatmaps\good\003K8_0261_heatmap.png,,NORMAL,False,0.004759803414344788,0.007144,0.0,0.025,19.274000078439713,22.984900046139956,49.57160004414618,0,0,390,484,[],weighted_ae_difference,C:\projects\efficientAD\EfficientAD-main\output\13\trainings\mvtec_ad\my_product4\student_final.pth,C:\projects\efficientAD\EfficientAD-main\output\13\trainings\mvtec_ad\my_product4\autoencoder_final.pth,C:\projects\efficientAD\EfficientAD-main\output\13\trainings\mvtec_ad\my_product4\norm_params.json,
C:\projects\efficientAD\mydataset\my_product4\test\good\003K8_0262.png,C:\projects\efficientAD\results\model13_my_product4\annotated\good\003K8_0262_result.png,C:\projects\efficientAD\results\model13_my_product4\heatmaps\good\003K8_0262_heatmap.png,,NORMAL,False,0.0037483142223209143,0.007144,0.0,0.025,19.34110000729561,22.990999976173043,50.18030013889074,0,0,390,484,[],weighted_ae_difference,C:\projects\efficientAD\EfficientAD-main\output\13\trainings\mvtec_ad\my_product4\student_final.pth,C:\projects\efficientAD\EfficientAD-main\output\13\trainings\mvtec_ad\my_product4\autoencoder_final.pth,C:\projects\efficientAD\EfficientAD-main\output\13\trainings\mvtec_ad\my_product4\norm_params.json,
C:\projects\efficientAD\mydataset\my_product4\test\good\003K8_0263.png,C:\projects\efficientAD\results\model13_my_product4\annotated\good\003K8_0263_result.png,C:\projects\efficientAD\results\model13_my_product4\heatmaps\good\003K8_0263_heatmap.png,,NORMAL,False,0.004524119198322296,0.007144,0.0,0.025,19.39580007456243,22.773300064727664,50.85060000419617,0,0,390,484,[],weighted_ae_difference,C:\projects\efficientAD\EfficientAD-main\output\13\trainings\mvtec_ad\my_product4\student_final.pth,C:\projects\efficientAD\EfficientAD-main\output\13\trainings\mvtec_ad\my_product4\autoencoder_final.pth,C:\projects\efficientAD\EfficientAD-main\output\13\trainings\mvtec_ad\my_product4\norm_params.json,
C:\projects\efficientAD\mydataset\my_product4\test\good\003K8_0264.png,C:\projects\efficientAD\results\model13_my_product4\annotated\good\003K8_0264_result.png,C:\projects\efficientAD\results\model13_my_product4\heatmaps\good\003K8_0264_heatmap.png,,NORMAL,False,0.005512295290827751,0.007144,0.0,0.025,19.27359984256327,22.78989995829761,50.74750003404915,0,0,390,484,[],weighted_ae_difference,C:\projects\efficientAD\EfficientAD-main\output\13\trainings\mvtec_ad\my_product4\student_final.pth,C:\projects\efficientAD\EfficientAD-main\output\13\trainings\mvtec_ad\my_product4\autoencoder_final.pth,C:\projects\efficientAD\EfficientAD-main\output\13\trainings\mvtec_ad\my_product4\norm_params.json,
C:\projects\efficientAD\mydataset\my_product4\test\good\003K8_0265.png,C:\projects\efficientAD\results\model13_my_product4\annotated\good\003K8_0265_result.png,C:\projects\efficientAD\results\model13_my_product4\heatmaps\good\003K8_0265_heatmap.png,,NORMAL,False,0.004975663032382727,0.007144,0.0,0.025,19.3463999312371,22.94549997895956,49.442100105807185,0,0,390,484,[],weighted_ae_difference,C:\projects\efficientAD\EfficientAD-main\output\13\trainings\mvtec_ad\my_product4\student_final.pth,C:\projects\efficientAD\EfficientAD-main\output\13\trainings\mvtec_ad\my_product4\autoencoder_final.pth,C:\projects\efficientAD\EfficientAD-main\output\13\trainings\mvtec_ad\my_product4\norm_params.json,
C:\projects\efficientAD\mydataset\my_product4\test\good\003K8_0266.png,C:\projects\efficientAD\results\model13_my_product4\annotated\good\003K8_0266_result.png,C:\projects\efficientAD\results\model13_my_product4\heatmaps\good\003K8_0266_heatmap.png,,NORMAL,False,0.0051079411059618,0.007144,0.0,0.025,19.415099872276187,23.072200128808618,51.87510000541806,0,0,390,484,[],weighted_ae_difference,C:\projects\efficientAD\EfficientAD-main\output\13\trainings\mvtec_ad\my_product4\student_final.pth,C:\projects\efficientAD\EfficientAD-main\output\13\trainings\mvtec_ad\my_product4\autoencoder_final.pth,C:\projects\efficientAD\EfficientAD-main\output\13\trainings\mvtec_ad\my_product4\norm_params.json,
C:\projects\efficientAD\mydataset\my_product4\test\good\003K8_0267.png,C:\projects\efficientAD\results\model13_my_product4\annotated\good\003K8_0267_result.png,C:\projects\efficientAD\results\model13_my_product4\heatmaps\good\003K8_0267_heatmap.png,,NORMAL,False,0.0054287477396428585,0.007144,0.0,0.025,19.363499945029616,22.701899986714125,52.68720001913607,0,0,390,484,[],weighted_ae_difference,C:\projects\efficientAD\EfficientAD-main\output\13\trainings\mvtec_ad\my_product4\student_final.pth,C:\projects\efficientAD\EfficientAD-main\output\13\trainings\mvtec_ad\my_product4\autoencoder_final.pth,C:\projects\efficientAD\EfficientAD-main\output\13\trainings\mvtec_ad\my_product4\norm_params.json,
C:\projects\efficientAD\mydataset\my_product4\test\good\003K8_0268.png,C:\projects\efficientAD\results\model13_my_product4\annotated\good\003K8_0268_result.png,C:\projects\efficientAD\results\model13_my_product4\heatmaps\good\003K8_0268_heatmap.png,,NORMAL,False,0.004980051890015602,0.007144,0.0,0.025,19.331400049850345,23.207300109788775,50.39389990270138,0,0,390,484,[],weighted_ae_difference,C:\projects\efficientAD\EfficientAD-main\output\13\trainings\mvtec_ad\my_product4\student_final.pth,C:\projects\efficientAD\EfficientAD-main\output\13\trainings\mvtec_ad\my_product4\autoencoder_final.pth,C:\projects\efficientAD\EfficientAD-main\output\13\trainings\mvtec_ad\my_product4\norm_params.json,
C:\projects\efficientAD\mydataset\my_product4\test\good\003K8_0269.png,C:\projects\efficientAD\results\model13_my_product4\annotated\good\003K8_0269_result.png,C:\projects\efficientAD\results\model13_my_product4\heatmaps\good\003K8_0269_heatmap.png,,NORMAL,False,0.005195437930524349,0.007144,0.0,0.025,19.531199941411614,23.1608001049608,50.10469979606569,0,0,390,484,[],weighted_ae_difference,C:\projects\efficientAD\EfficientAD-main\output\13\trainings\mvtec_ad\my_product4\student_final.pth,C:\projects\efficientAD\EfficientAD-main\output\13\trainings\mvtec_ad\my_product4\autoencoder_final.pth,C:\projects\efficientAD\EfficientAD-main\output\13\trainings\mvtec_ad\my_product4\norm_params.json,
C:\projects\efficientAD\mydataset\my_product4\test\good\003K8_0270.png,C:\projects\efficientAD\results\model13_my_product4\annotated\good\003K8_0270_result.png,C:\projects\efficientAD\results\model13_my_product4\heatmaps\good\003K8_0270_heatmap.png,,NORMAL,False,0.005797246936708689,0.007144,0.0,0.025,19.391899928450584,22.96789991669357,51.8542998470366,0,0,390,484,[],weighted_ae_difference,C:\projects\efficientAD\EfficientAD-main\output\13\trainings\mvtec_ad\my_product4\student_final.pth,C:\projects\efficientAD\EfficientAD-main\output\13\trainings\mvtec_ad\my_product4\autoencoder_final.pth,C:\projects\efficientAD\EfficientAD-main\output\13\trainings\mvtec_ad\my_product4\norm_params.json,
C:\projects\efficientAD\mydataset\my_product4\test\good\003K8_0271.png,C:\projects\efficientAD\results\model13_my_product4\annotated\good\003K8_0271_result.png,C:\projects\efficientAD\results\model13_my_product4\heatmaps\good\003K8_0271_heatmap.png,,NORMAL,False,0.004421655088663101,0.007144,0.0,0.025,19.286999944597483,22.744700079783797,50.172199960798025,0,0,390,484,[],weighted_ae_difference,C:\projects\efficientAD\EfficientAD-main\output\13\trainings\mvtec_ad\my_product4\student_final.pth,C:\projects\efficientAD\EfficientAD-main\output\13\trainings\mvtec_ad\my_product4\autoencoder_final.pth,C:\projects\efficientAD\EfficientAD-main\output\13\trainings\mvtec_ad\my_product4\norm_params.json,
C:\projects\efficientAD\mydataset\my_product4\test\good\003K8_0272.png,C:\projects\efficientAD\results\model13_my_product4\annotated\good\003K8_0272_result.png,C:\projects\efficientAD\results\model13_my_product4\heatmaps\good\003K8_0272_heatmap.png,,NORMAL,False,0.005318381357938051,0.007144,0.0,0.025,24.256099946796894,28.432500082999468,59.238099958747625,0,0,390,484,[],weighted_ae_difference,C:\projects\efficientAD\EfficientAD-main\output\13\trainings\mvtec_ad\my_product4\student_final.pth,C:\projects\efficientAD\EfficientAD-main\output\13\trainings\mvtec_ad\my_product4\autoencoder_final.pth,C:\projects\efficientAD\EfficientAD-main\output\13\trainings\mvtec_ad\my_product4\norm_params.json,
C:\projects\efficientAD\mydataset\my_product4\test\good\003K8_0273.png,C:\projects\efficientAD\results\model13_my_product4\annotated\good\003K8_0273_result.png,C:\projects\efficientAD\results\model13_my_product4\heatmaps\good\003K8_0273_heatmap.png,,NORMAL,False,0.004579464439302683,0.007144,0.0,0.025,36.704299971461296,41.087400168180466,68.58479999937117,0,0,390,484,[],weighted_ae_difference,C:\projects\efficientAD\EfficientAD-main\output\13\trainings\mvtec_ad\my_product4\student_final.pth,C:\projects\efficientAD\EfficientAD-main\output\13\trainings\mvtec_ad\my_product4\autoencoder_final.pth,C:\projects\efficientAD\EfficientAD-main\output\13\trainings\mvtec_ad\my_product4\norm_params.json,
C:\projects\efficientAD\mydataset\my_product4\test\good\003K8_0274.png,C:\projects\efficientAD\results\model13_my_product4\annotated\good\003K8_0274_result.png,C:\projects\efficientAD\results\model13_my_product4\heatmaps\good\003K8_0274_heatmap.png,,NORMAL,False,0.004680315963923931,0.007144,0.0,0.025,36.786000011488795,40.604300098493695,67.64609995298088,0,0,390,484,[],weighted_ae_difference,C:\projects\efficientAD\EfficientAD-main\output\13\trainings\mvtec_ad\my_product4\student_final.pth,C:\projects\efficientAD\EfficientAD-main\output\13\trainings\mvtec_ad\my_product4\autoencoder_final.pth,C:\projects\efficientAD\EfficientAD-main\output\13\trainings\mvtec_ad\my_product4\norm_params.json,
C:\projects\efficientAD\mydataset\my_product4\test\good\003K8_0275.png,C:\projects\efficientAD\results\model13_my_product4\annotated\good\003K8_0275_result.png,C:\projects\efficientAD\results\model13_my_product4\heatmaps\good\003K8_0275_heatmap.png,,NORMAL,False,0.006205894518643618,0.007144,0.0,0.025,28.679699869826436,32.799400156363845,61.507900012657046,0,0,390,484,[],weighted_ae_difference,C:\projects\efficientAD\EfficientAD-main\output\13\trainings\mvtec_ad\my_product4\student_final.pth,C:\projects\efficientAD\EfficientAD-main\output\13\trainings\mvtec_ad\my_product4\autoencoder_final.pth,C:\projects\efficientAD\EfficientAD-main\output\13\trainings\mvtec_ad\my_product4\norm_params.json,
C:\projects\efficientAD\mydataset\my_product4\test\good\003K8_0276.png,C:\projects\efficientAD\results\model13_my_product4\annotated\good\003K8_0276_result.png,C:\projects\efficientAD\results\model13_my_product4\heatmaps\good\003K8_0276_heatmap.png,,NORMAL,False,0.004373710602521896,0.007144,0.0,0.025,9.67790000140667,13.2661999668926,41.61479999311268,0,0,390,484,[],weighted_ae_difference,C:\projects\efficientAD\EfficientAD-main\output\13\trainings\mvtec_ad\my_product4\student_final.pth,C:\projects\efficientAD\EfficientAD-main\output\13\trainings\mvtec_ad\my_product4\autoencoder_final.pth,C:\projects\efficientAD\EfficientAD-main\output\13\trainings\mvtec_ad\my_product4\norm_params.json,
C:\projects\efficientAD\mydataset\my_product4\test\good\003K8_0277.png,C:\projects\efficientAD\results\model13_my_product4\annotated\good\003K8_0277_result.png,C:\projects\efficientAD\results\model13_my_product4\heatmaps\good\003K8_0277_heatmap.png,,NORMAL,False,0.004374641925096512,0.007144,0.0,0.025,9.752999991178513,12.898599961772561,41.643899865448475,0,0,390,484,[],weighted_ae_difference,C:\projects\efficientAD\EfficientAD-main\output\13\trainings\mvtec_ad\my_product4\student_final.pth,C:\projects\efficientAD\EfficientAD-main\output\13\trainings\mvtec_ad\my_product4\autoencoder_final.pth,C:\projects\efficientAD\EfficientAD-main\output\13\trainings\mvtec_ad\my_product4\norm_params.json,
C:\projects\efficientAD\mydataset\my_product4\test\good\003K8_0278.png,C:\projects\efficientAD\results\model13_my_product4\annotated\good\003K8_0278_result.png,C:\projects\efficientAD\results\model13_my_product4\heatmaps\good\003K8_0278_heatmap.png,,NORMAL,False,0.004392059985548258,0.007144,0.0,0.025,9.792499942705035,13.049899833276868,40.259100031107664,0,0,390,484,[],weighted_ae_difference,C:\projects\efficientAD\EfficientAD-main\output\13\trainings\mvtec_ad\my_product4\student_final.pth,C:\projects\efficientAD\EfficientAD-main\output\13\trainings\mvtec_ad\my_product4\autoencoder_final.pth,C:\projects\efficientAD\EfficientAD-main\output\13\trainings\mvtec_ad\my_product4\norm_params.json,
C:\projects\efficientAD\mydataset\my_product4\test\good\003K8_0279.png,C:\projects\efficientAD\results\model13_my_product4\annotated\good\003K8_0279_result.png,C:\projects\efficientAD\results\model13_my_product4\heatmaps\good\003K8_0279_heatmap.png,,NORMAL,False,0.0042143650352954865,0.007144,0.0,0.025,9.748999960720539,13.76750017516315,42.55930008366704,0,0,390,484,[],weighted_ae_difference,C:\projects\efficientAD\EfficientAD-main\output\13\trainings\mvtec_ad\my_product4\student_final.pth,C:\projects\efficientAD\EfficientAD-main\output\13\trainings\mvtec_ad\my_product4\autoencoder_final.pth,C:\projects\efficientAD\EfficientAD-main\output\13\trainings\mvtec_ad\my_product4\norm_params.json,
C:\projects\efficientAD\mydataset\my_product4\test\good\003K8_0280.png,C:\projects\efficientAD\results\model13_my_product4\annotated\good\003K8_0280_result.png,C:\projects\efficientAD\results\model13_my_product4\heatmaps\good\003K8_0280_heatmap.png,,NORMAL,False,0.005285169929265976,0.007144,0.0,0.025,9.747499832883477,13.311299961060286,41.90499987453222,0,0,390,484,[],weighted_ae_difference,C:\projects\efficientAD\EfficientAD-main\output\13\trainings\mvtec_ad\my_product4\student_final.pth,C:\projects\efficientAD\EfficientAD-main\output\13\trainings\mvtec_ad\my_product4\autoencoder_final.pth,C:\projects\efficientAD\EfficientAD-main\output\13\trainings\mvtec_ad\my_product4\norm_params.json,
C:\projects\efficientAD\mydataset\my_product4\test\good\003K8_0281.png,C:\projects\efficientAD\results\model13_my_product4\annotated\good\003K8_0281_result.png,C:\projects\efficientAD\results\model13_my_product4\heatmaps\good\003K8_0281_heatmap.png,,NORMAL,False,0.0046868473291397095,0.007144,0.0,0.025,9.890899993479252,13.605199987068772,41.680300142616034,0,0,390,484,[],weighted_ae_difference,C:\projects\efficientAD\EfficientAD-main\output\13\trainings\mvtec_ad\my_product4\student_final.pth,C:\projects\efficientAD\EfficientAD-main\output\13\trainings\mvtec_ad\my_product4\autoencoder_final.pth,C:\projects\efficientAD\EfficientAD-main\output\13\trainings\mvtec_ad\my_product4\norm_params.json,
C:\projects\efficientAD\mydataset\my_product4\test\good\003K8_0282.png,C:\projects\efficientAD\results\model13_my_product4\annotated\good\003K8_0282_result.png,C:\projects\efficientAD\results\model13_my_product4\heatmaps\good\003K8_0282_heatmap.png,,NORMAL,False,0.004292328841984272,0.007144,0.0,0.025,9.842999977990985,13.508500065654516,42.86589985713363,0,0,390,484,[],weighted_ae_difference,C:\projects\efficientAD\EfficientAD-main\output\13\trainings\mvtec_ad\my_product4\student_final.pth,C:\projects\efficientAD\EfficientAD-main\output\13\trainings\mvtec_ad\my_product4\autoencoder_final.pth,C:\projects\efficientAD\EfficientAD-main\output\13\trainings\mvtec_ad\my_product4\norm_params.json,
C:\projects\efficientAD\mydataset\my_product4\test\good\003K8_0283.png,C:\projects\efficientAD\results\model13_my_product4\annotated\good\003K8_0283_result.png,C:\projects\efficientAD\results\model13_my_product4\heatmaps\good\003K8_0283_heatmap.png,,NORMAL,False,0.004700003657490015,0.007144,0.0,0.025,10.000200010836124,13.202799949795008,42.621000204235315,0,0,390,484,[],weighted_ae_difference,C:\projects\efficientAD\EfficientAD-main\output\13\trainings\mvtec_ad\my_product4\student_final.pth,C:\projects\efficientAD\EfficientAD-main\output\13\trainings\mvtec_ad\my_product4\autoencoder_final.pth,C:\projects\efficientAD\EfficientAD-main\output\13\trainings\mvtec_ad\my_product4\norm_params.json,
C:\projects\efficientAD\mydataset\my_product4\test\good\003K8_0284.png,C:\projects\efficientAD\results\model13_my_product4\annotated\good\003K8_0284_result.png,C:\projects\efficientAD\results\model13_my_product4\heatmaps\good\003K8_0284_heatmap.png,,NORMAL,False,0.005349587183445692,0.007144,0.0,0.025,10.093600023537874,15.25930012576282,45.480700209736824,0,0,390,484,[],weighted_ae_difference,C:\projects\efficientAD\EfficientAD-main\output\13\trainings\mvtec_ad\my_product4\student_final.pth,C:\projects\efficientAD\EfficientAD-main\output\13\trainings\mvtec_ad\my_product4\autoencoder_final.pth,C:\projects\efficientAD\EfficientAD-main\output\13\trainings\mvtec_ad\my_product4\norm_params.json,
C:\projects\efficientAD\mydataset\my_product4\test\good\003K8_0285.png,C:\projects\efficientAD\results\model13_my_product4\annotated\good\003K8_0285_result.png,C:\projects\efficientAD\results\model13_my_product4\heatmaps\good\003K8_0285_heatmap.png,,NORMAL,False,0.005607555154711008,0.007144,0.0,0.025,9.773399913683534,13.082799967378378,39.741799933835864,0,0,390,484,[],weighted_ae_difference,C:\projects\efficientAD\EfficientAD-main\output\13\trainings\mvtec_ad\my_product4\student_final.pth,C:\projects\efficientAD\EfficientAD-main\output\13\trainings\mvtec_ad\my_product4\autoencoder_final.pth,C:\projects\efficientAD\EfficientAD-main\output\13\trainings\mvtec_ad\my_product4\norm_params.json,
C:\projects\efficientAD\mydataset\my_product4\test\good\003K8_0286.png,C:\projects\efficientAD\results\model13_my_product4\annotated\good\003K8_0286_result.png,C:\projects\efficientAD\results\model13_my_product4\heatmaps\good\003K8_0286_heatmap.png,,NORMAL,False,0.005397154949605465,0.007144,0.0,0.025,9.756000014021993,12.976400088518858,40.509099839255214,0,0,390,484,[],weighted_ae_difference,C:\projects\efficientAD\EfficientAD-main\output\13\trainings\mvtec_ad\my_product4\student_final.pth,C:\projects\efficientAD\EfficientAD-main\output\13\trainings\mvtec_ad\my_product4\autoencoder_final.pth,C:\projects\efficientAD\EfficientAD-main\output\13\trainings\mvtec_ad\my_product4\norm_params.json,
C:\projects\efficientAD\mydataset\my_product4\test\good\003K8_0287.png,C:\projects\efficientAD\results\model13_my_product4\annotated\good\003K8_0287_result.png,C:\projects\efficientAD\results\model13_my_product4\heatmaps\good\003K8_0287_heatmap.png,,NORMAL,False,0.00485578179359436,0.007144,0.0,0.025,9.778500068932772,13.672000030055642,42.21179988235235,0,0,390,484,[],weighted_ae_difference,C:\projects\efficientAD\EfficientAD-main\output\13\trainings\mvtec_ad\my_product4\student_final.pth,C:\projects\efficientAD\EfficientAD-main\output\13\trainings\mvtec_ad\my_product4\autoencoder_final.pth,C:\projects\efficientAD\EfficientAD-main\output\13\trainings\mvtec_ad\my_product4\norm_params.json,
C:\projects\efficientAD\mydataset\my_product4\test\good\003K8_0288.png,C:\projects\efficientAD\results\model13_my_product4\annotated\good\003K8_0288_result.png,C:\projects\efficientAD\results\model13_my_product4\heatmaps\good\003K8_0288_heatmap.png,,NORMAL,False,0.005406688898801804,0.007144,0.0,0.025,9.78190009482205,13.019900070503354,41.10120004042983,0,0,390,484,[],weighted_ae_difference,C:\projects\efficientAD\EfficientAD-main\output\13\trainings\mvtec_ad\my_product4\student_final.pth,C:\projects\efficientAD\EfficientAD-main\output\13\trainings\mvtec_ad\my_product4\autoencoder_final.pth,C:\projects\efficientAD\EfficientAD-main\output\13\trainings\mvtec_ad\my_product4\norm_params.json,
C:\projects\efficientAD\mydataset\my_product4\test\good\003K8_0289.png,C:\projects\efficientAD\results\model13_my_product4\annotated\good\003K8_0289_result.png,C:\projects\efficientAD\results\model13_my_product4\heatmaps\good\003K8_0289_heatmap.png,,NORMAL,False,0.004386363085359335,0.007144,0.0,0.025,9.787000017240644,13.412999920547009,41.56220005825162,0,0,390,484,[],weighted_ae_difference,C:\projects\efficientAD\EfficientAD-main\output\13\trainings\mvtec_ad\my_product4\student_final.pth,C:\projects\efficientAD\EfficientAD-main\output\13\trainings\mvtec_ad\my_product4\autoencoder_final.pth,C:\projects\efficientAD\EfficientAD-main\output\13\trainings\mvtec_ad\my_product4\norm_params.json,
C:\projects\efficientAD\mydataset\my_product4\test\good\003K8_0290.png,C:\projects\efficientAD\results\model13_my_product4\annotated\good\003K8_0290_result.png,C:\projects\efficientAD\results\model13_my_product4\heatmaps\good\003K8_0290_heatmap.png,,NORMAL,False,0.004891512915492058,0.007144,0.0,0.025,9.718399960547686,13.731200015172362,41.998300002887845,0,0,390,484,[],weighted_ae_difference,C:\projects\efficientAD\EfficientAD-main\output\13\trainings\mvtec_ad\my_product4\student_final.pth,C:\projects\efficientAD\EfficientAD-main\output\13\trainings\mvtec_ad\my_product4\autoencoder_final.pth,C:\projects\efficientAD\EfficientAD-main\output\13\trainings\mvtec_ad\my_product4\norm_params.json,
C:\projects\efficientAD\mydataset\my_product4\test\good\003K8_0291.png,C:\projects\efficientAD\results\model13_my_product4\annotated\good\003K8_0291_result.png,C:\projects\efficientAD\results\model13_my_product4\heatmaps\good\003K8_0291_heatmap.png,,NORMAL,False,0.005775118246674538,0.007144,0.0,0.025,9.704599855467677,13.042900012806058,40.50150001421571,0,0,390,484,[],weighted_ae_difference,C:\projects\efficientAD\EfficientAD-main\output\13\trainings\mvtec_ad\my_product4\student_final.pth,C:\projects\efficientAD\EfficientAD-main\output\13\trainings\mvtec_ad\my_product4\autoencoder_final.pth,C:\projects\efficientAD\EfficientAD-main\output\13\trainings\mvtec_ad\my_product4\norm_params.json,
C:\projects\efficientAD\mydataset\my_product4\test\good\003K8_0292.png,C:\projects\efficientAD\results\model13_my_product4\annotated\good\003K8_0292_result.png,C:\projects\efficientAD\results\model13_my_product4\heatmaps\good\003K8_0292_heatmap.png,,NORMAL,False,0.005366587080061436,0.007144,0.0,0.025,9.675899986177683,13.064900180324912,40.56319990195334,0,0,390,484,[],weighted_ae_difference,C:\projects\efficientAD\EfficientAD-main\output\13\trainings\mvtec_ad\my_product4\student_final.pth,C:\projects\efficientAD\EfficientAD-main\output\13\trainings\mvtec_ad\my_product4\autoencoder_final.pth,C:\projects\efficientAD\EfficientAD-main\output\13\trainings\mvtec_ad\my_product4\norm_params.json,
C:\projects\efficientAD\mydataset\my_product4\test\good\003K8_0293.png,C:\projects\efficientAD\results\model13_my_product4\annotated\good\003K8_0293_result.png,C:\projects\efficientAD\results\model13_my_product4\heatmaps\good\003K8_0293_heatmap.png,,NORMAL,False,0.006489925552159548,0.007144,0.0,0.025,9.67520009726286,12.857699999585748,40.87879997678101,0,0,390,484,[],weighted_ae_difference,C:\projects\efficientAD\EfficientAD-main\output\13\trainings\mvtec_ad\my_product4\student_final.pth,C:\projects\efficientAD\EfficientAD-main\output\13\trainings\mvtec_ad\my_product4\autoencoder_final.pth,C:\projects\efficientAD\EfficientAD-main\output\13\trainings\mvtec_ad\my_product4\norm_params.json,
C:\projects\efficientAD\mydataset\my_product4\test\good\003K8_0294.png,C:\projects\efficientAD\results\model13_my_product4\annotated\good\003K8_0294_result.png,C:\projects\efficientAD\results\model13_my_product4\heatmaps\good\003K8_0294_heatmap.png,,NORMAL,False,0.004998191725462675,0.007144,0.0,0.025,9.761599823832512,13.076300034299493,40.291500044986606,0,0,390,484,[],weighted_ae_difference,C:\projects\efficientAD\EfficientAD-main\output\13\trainings\mvtec_ad\my_product4\student_final.pth,C:\projects\efficientAD\EfficientAD-main\output\13\trainings\mvtec_ad\my_product4\autoencoder_final.pth,C:\projects\efficientAD\EfficientAD-main\output\13\trainings\mvtec_ad\my_product4\norm_params.json,
C:\projects\efficientAD\mydataset\my_product4\test\good\003K8_0295.png,C:\projects\efficientAD\results\model13_my_product4\annotated\good\003K8_0295_result.png,C:\projects\efficientAD\results\model13_my_product4\heatmaps\good\003K8_0295_heatmap.png,,NORMAL,False,0.005547195672988892,0.007144,0.0,0.025,9.77539992891252,13.1224999204278,42.274100007489324,0,0,390,484,[],weighted_ae_difference,C:\projects\efficientAD\EfficientAD-main\output\13\trainings\mvtec_ad\my_product4\student_final.pth,C:\projects\efficientAD\EfficientAD-main\output\13\trainings\mvtec_ad\my_product4\autoencoder_final.pth,C:\projects\efficientAD\EfficientAD-main\output\13\trainings\mvtec_ad\my_product4\norm_params.json,
C:\projects\efficientAD\mydataset\my_product4\test\good\003K8_0296.png,C:\projects\efficientAD\results\model13_my_product4\annotated\good\003K8_0296_result.png,C:\projects\efficientAD\results\model13_my_product4\heatmaps\good\003K8_0296_heatmap.png,,NORMAL,False,0.004639426711946726,0.007144,0.0,0.025,10.340800043195486,13.651899993419647,42.17080003581941,0,0,390,484,[],weighted_ae_difference,C:\projects\efficientAD\EfficientAD-main\output\13\trainings\mvtec_ad\my_product4\student_final.pth,C:\projects\efficientAD\EfficientAD-main\output\13\trainings\mvtec_ad\my_product4\autoencoder_final.pth,C:\projects\efficientAD\EfficientAD-main\output\13\trainings\mvtec_ad\my_product4\norm_params.json,
C:\projects\efficientAD\mydataset\my_product4\test\good\003K8_0297.png,C:\projects\efficientAD\results\model13_my_product4\annotated\good\003K8_0297_result.png,C:\projects\efficientAD\results\model13_my_product4\heatmaps\good\003K8_0297_heatmap.png,,NORMAL,False,0.00491286488249898,0.007144,0.0,0.025,9.788700146600604,12.9120999481529,39.598200004547834,0,0,390,484,[],weighted_ae_difference,C:\projects\efficientAD\EfficientAD-main\output\13\trainings\mvtec_ad\my_product4\student_final.pth,C:\projects\efficientAD\EfficientAD-main\output\13\trainings\mvtec_ad\my_product4\autoencoder_final.pth,C:\projects\efficientAD\EfficientAD-main\output\13\trainings\mvtec_ad\my_product4\norm_params.json,
C:\projects\efficientAD\mydataset\my_product4\test\good\003K8_0298.png,C:\projects\efficientAD\results\model13_my_product4\annotated\good\003K8_0298_result.png,C:\projects\efficientAD\results\model13_my_product4\heatmaps\good\003K8_0298_heatmap.png,,NORMAL,False,0.004498758818954229,0.007144,0.0,0.025,9.770700009539723,13.336500152945518,42.7216999232769,0,0,390,484,[],weighted_ae_difference,C:\projects\efficientAD\EfficientAD-main\output\13\trainings\mvtec_ad\my_product4\student_final.pth,C:\projects\efficientAD\EfficientAD-main\output\13\trainings\mvtec_ad\my_product4\autoencoder_final.pth,C:\projects\efficientAD\EfficientAD-main\output\13\trainings\mvtec_ad\my_product4\norm_params.json,
C:\projects\efficientAD\mydataset\my_product4\test\good\003K8_0299.png,C:\projects\efficientAD\results\model13_my_product4\annotated\good\003K8_0299_result.png,C:\projects\efficientAD\results\model13_my_product4\heatmaps\good\003K8_0299_heatmap.png,,NORMAL,False,0.005066949408501387,0.007144,0.0,0.025,9.839999955147505,13.452799990773201,40.917000034824014,0,0,390,484,[],weighted_ae_difference,C:\projects\efficientAD\EfficientAD-main\output\13\trainings\mvtec_ad\my_product4\student_final.pth,C:\projects\efficientAD\EfficientAD-main\output\13\trainings\mvtec_ad\my_product4\autoencoder_final.pth,C:\projects\efficientAD\EfficientAD-main\output\13\trainings\mvtec_ad\my_product4\norm_params.json,
C:\projects\efficientAD\mydataset\my_product4\test\good\003K8_0300.png,C:\projects\efficientAD\results\model13_my_product4\annotated\good\003K8_0300_result.png,C:\projects\efficientAD\results\model13_my_product4\heatmaps\good\003K8_0300_heatmap.png,,NORMAL,False,0.004859630949795246,0.007144,0.0,0.025,9.77130001410842,13.099800096824765,40.70220002904534,0,0,390,484,[],weighted_ae_difference,C:\projects\efficientAD\EfficientAD-main\output\13\trainings\mvtec_ad\my_product4\student_final.pth,C:\projects\efficientAD\EfficientAD-main\output\13\trainings\mvtec_ad\my_product4\autoencoder_final.pth,C:\projects\efficientAD\EfficientAD-main\output\13\trainings\mvtec_ad\my_product4\norm_params.json,
C:\projects\efficientAD\mydataset\my_product4\test\good\003K8_0301.png,C:\projects\efficientAD\results\model13_my_product4\annotated\good\003K8_0301_result.png,C:\projects\efficientAD\results\model13_my_product4\heatmaps\good\003K8_0301_heatmap.png,,NORMAL,False,0.005197317339479923,0.007144,0.0,0.025,9.736899985000491,14.180299825966358,43.748600175604224,0,0,390,484,[],weighted_ae_difference,C:\projects\efficientAD\EfficientAD-main\output\13\trainings\mvtec_ad\my_product4\student_final.pth,C:\projects\efficientAD\EfficientAD-main\output\13\trainings\mvtec_ad\my_product4\autoencoder_final.pth,C:\projects\efficientAD\EfficientAD-main\output\13\trainings\mvtec_ad\my_product4\norm_params.json,
C:\projects\efficientAD\mydataset\my_product4\test\good\003K8_0302.png,C:\projects\efficientAD\results\model13_my_product4\annotated\good\003K8_0302_result.png,C:\projects\efficientAD\results\model13_my_product4\heatmaps\good\003K8_0302_heatmap.png,,NORMAL,False,0.006040815729647875,0.007144,0.0,0.025,9.852699935436249,13.34899989888072,41.602599900215864,0,0,390,484,[],weighted_ae_difference,C:\projects\efficientAD\EfficientAD-main\output\13\trainings\mvtec_ad\my_product4\student_final.pth,C:\projects\efficientAD\EfficientAD-main\output\13\trainings\mvtec_ad\my_product4\autoencoder_final.pth,C:\projects\efficientAD\EfficientAD-main\output\13\trainings\mvtec_ad\my_product4\norm_params.json,
C:\projects\efficientAD\mydataset\my_product4\test\good\003K8_0303.png,C:\projects\efficientAD\results\model13_my_product4\annotated\good\003K8_0303_result.png,C:\projects\efficientAD\results\model13_my_product4\heatmaps\good\003K8_0303_heatmap.png,,NORMAL,False,0.00514796981588006,0.007144,0.0,0.025,9.684100048616529,13.028200017288327,41.687400080263615,0,0,390,484,[],weighted_ae_difference,C:\projects\efficientAD\EfficientAD-main\output\13\trainings\mvtec_ad\my_product4\student_final.pth,C:\projects\efficientAD\EfficientAD-main\output\13\trainings\mvtec_ad\my_product4\autoencoder_final.pth,C:\projects\efficientAD\EfficientAD-main\output\13\trainings\mvtec_ad\my_product4\norm_params.json,
C:\projects\efficientAD\mydataset\my_product4\test\good\003K8_0304.png,C:\projects\efficientAD\results\model13_my_product4\annotated\good\003K8_0304_result.png,C:\projects\efficientAD\results\model13_my_product4\heatmaps\good\003K8_0304_heatmap.png,,NORMAL,False,0.004756837151944637,0.007144,0.0,0.025,9.839399950578809,13.26490007340908,41.55199998058379,0,0,390,484,[],weighted_ae_difference,C:\projects\efficientAD\EfficientAD-main\output\13\trainings\mvtec_ad\my_product4\student_final.pth,C:\projects\efficientAD\EfficientAD-main\output\13\trainings\mvtec_ad\my_product4\autoencoder_final.pth,C:\projects\efficientAD\EfficientAD-main\output\13\trainings\mvtec_ad\my_product4\norm_params.json,
C:\projects\efficientAD\mydataset\my_product4\test\good\003K8_0305.png,C:\projects\efficientAD\results\model13_my_product4\annotated\good\003K8_0305_result.png,C:\projects\efficientAD\results\model13_my_product4\heatmaps\good\003K8_0305_heatmap.png,,NORMAL,False,0.0053007761016488075,0.007144,0.0,0.025,9.80059988796711,13.505500042811036,41.79199994541705,0,0,390,484,[],weighted_ae_difference,C:\projects\efficientAD\EfficientAD-main\output\13\trainings\mvtec_ad\my_product4\student_final.pth,C:\projects\efficientAD\EfficientAD-main\output\13\trainings\mvtec_ad\my_product4\autoencoder_final.pth,C:\projects\efficientAD\EfficientAD-main\output\13\trainings\mvtec_ad\my_product4\norm_params.json,
C:\projects\efficientAD\mydataset\my_product4\test\good\003K8_0306.png,C:\projects\efficientAD\results\model13_my_product4\annotated\good\003K8_0306_result.png,C:\projects\efficientAD\results\model13_my_product4\heatmaps\good\003K8_0306_heatmap.png,,NORMAL,False,0.0045268358662724495,0.007144,0.0,0.025,9.77110001258552,13.122200034558773,40.53679993376136,0,0,390,484,[],weighted_ae_difference,C:\projects\efficientAD\EfficientAD-main\output\13\trainings\mvtec_ad\my_product4\student_final.pth,C:\projects\efficientAD\EfficientAD-main\output\13\trainings\mvtec_ad\my_product4\autoencoder_final.pth,C:\projects\efficientAD\EfficientAD-main\output\13\trainings\mvtec_ad\my_product4\norm_params.json,
C:\projects\efficientAD\mydataset\my_product4\test\good\003K8_0307.png,C:\projects\efficientAD\results\model13_my_product4\annotated\good\003K8_0307_result.png,C:\projects\efficientAD\results\model13_my_product4\heatmaps\good\003K8_0307_heatmap.png,,NORMAL,False,0.004654543474316597,0.007144,0.0,0.025,9.940299903973937,13.781200163066387,43.310899985954165,0,0,390,484,[],weighted_ae_difference,C:\projects\efficientAD\EfficientAD-main\output\13\trainings\mvtec_ad\my_product4\student_final.pth,C:\projects\efficientAD\EfficientAD-main\output\13\trainings\mvtec_ad\my_product4\autoencoder_final.pth,C:\projects\efficientAD\EfficientAD-main\output\13\trainings\mvtec_ad\my_product4\norm_params.json,
C:\projects\efficientAD\mydataset\my_product4\test\good\003K8_0308.png,C:\projects\efficientAD\results\model13_my_product4\annotated\good\003K8_0308_result.png,C:\projects\efficientAD\results\model13_my_product4\heatmaps\good\003K8_0308_heatmap.png,,NORMAL,False,0.005715235136449337,0.007144,0.0,0.025,9.951099986210465,13.427899917587638,43.82120002992451,0,0,390,484,[],weighted_ae_difference,C:\projects\efficientAD\EfficientAD-main\output\13\trainings\mvtec_ad\my_product4\student_final.pth,C:\projects\efficientAD\EfficientAD-main\output\13\trainings\mvtec_ad\my_product4\autoencoder_final.pth,C:\projects\efficientAD\EfficientAD-main\output\13\trainings\mvtec_ad\my_product4\norm_params.json,
C:\projects\efficientAD\mydataset\my_product4\test\good\003K8_0309.png,C:\projects\efficientAD\results\model13_my_product4\annotated\good\003K8_0309_result.png,C:\projects\efficientAD\results\model13_my_product4\heatmaps\good\003K8_0309_heatmap.png,,NORMAL,False,0.006773325614631176,0.007144,0.0,0.025,9.731999831274152,13.396200025454164,41.76920000463724,0,0,390,484,[],weighted_ae_difference,C:\projects\efficientAD\EfficientAD-main\output\13\trainings\mvtec_ad\my_product4\student_final.pth,C:\projects\efficientAD\EfficientAD-main\output\13\trainings\mvtec_ad\my_product4\autoencoder_final.pth,C:\projects\efficientAD\EfficientAD-main\output\13\trainings\mvtec_ad\my_product4\norm_params.json,
C:\projects\efficientAD\mydataset\my_product4\test\good\003K8_0310.png,C:\projects\efficientAD\results\model13_my_product4\annotated\good\003K8_0310_result.png,C:\projects\efficientAD\results\model13_my_product4\heatmaps\good\003K8_0310_heatmap.png,,NORMAL,False,0.0052132089622318745,0.007144,0.0,0.025,9.784099878743291,12.9657001234591,41.181000182405114,0,0,390,484,[],weighted_ae_difference,C:\projects\efficientAD\EfficientAD-main\output\13\trainings\mvtec_ad\my_product4\student_final.pth,C:\projects\efficientAD\EfficientAD-main\output\13\trainings\mvtec_ad\my_product4\autoencoder_final.pth,C:\projects\efficientAD\EfficientAD-main\output\13\trainings\mvtec_ad\my_product4\norm_params.json,
C:\projects\efficientAD\mydataset\my_product4\test\good\003K8_0311.png,C:\projects\efficientAD\results\model13_my_product4\annotated\good\003K8_0311_result.png,C:\projects\efficientAD\results\model13_my_product4\heatmaps\good\003K8_0311_heatmap.png,,NORMAL,False,0.005733763333410025,0.007144,0.0,0.025,9.78729990310967,13.579200021922588,41.985300136730075,0,0,390,484,[],weighted_ae_difference,C:\projects\efficientAD\EfficientAD-main\output\13\trainings\mvtec_ad\my_product4\student_final.pth,C:\projects\efficientAD\EfficientAD-main\output\13\trainings\mvtec_ad\my_product4\autoencoder_final.pth,C:\projects\efficientAD\EfficientAD-main\output\13\trainings\mvtec_ad\my_product4\norm_params.json,
C:\projects\efficientAD\mydataset\my_product4\test\good\003K8_0312.png,C:\projects\efficientAD\results\model13_my_product4\annotated\good\003K8_0312_result.png,C:\projects\efficientAD\results\model13_my_product4\heatmaps\good\003K8_0312_heatmap.png,,NORMAL,False,0.005632556509226561,0.007144,0.0,0.025,9.760099928826094,13.216299936175346,42.2545000910759,0,0,390,484,[],weighted_ae_difference,C:\projects\efficientAD\EfficientAD-main\output\13\trainings\mvtec_ad\my_product4\student_final.pth,C:\projects\efficientAD\EfficientAD-main\output\13\trainings\mvtec_ad\my_product4\autoencoder_final.pth,C:\projects\efficientAD\EfficientAD-main\output\13\trainings\mvtec_ad\my_product4\norm_params.json,
C:\projects\efficientAD\mydataset\my_product4\test\good\003K8_0313.png,C:\projects\efficientAD\results\model13_my_product4\annotated\good\003K8_0313_result.png,C:\projects\efficientAD\results\model13_my_product4\heatmaps\good\003K8_0313_heatmap.png,,NORMAL,False,0.0054512834176421165,0.007144,0.0,0.025,9.91360004991293,13.564199907705188,40.63730011694133,0,0,390,484,[],weighted_ae_difference,C:\projects\efficientAD\EfficientAD-main\output\13\trainings\mvtec_ad\my_product4\student_final.pth,C:\projects\efficientAD\EfficientAD-main\output\13\trainings\mvtec_ad\my_product4\autoencoder_final.pth,C:\projects\efficientAD\EfficientAD-main\output\13\trainings\mvtec_ad\my_product4\norm_params.json,
C:\projects\efficientAD\mydataset\my_product4\test\good\003K8_0314.png,C:\projects\efficientAD\results\model13_my_product4\annotated\good\003K8_0314_result.png,C:\projects\efficientAD\results\model13_my_product4\heatmaps\good\003K8_0314_heatmap.png,,NORMAL,False,0.005746195092797279,0.007144,0.0,0.025,9.772900026291609,13.421500101685524,41.51409980840981,0,0,390,484,[],weighted_ae_difference,C:\projects\efficientAD\EfficientAD-main\output\13\trainings\mvtec_ad\my_product4\student_final.pth,C:\projects\efficientAD\EfficientAD-main\output\13\trainings\mvtec_ad\my_product4\autoencoder_final.pth,C:\projects\efficientAD\EfficientAD-main\output\13\trainings\mvtec_ad\my_product4\norm_params.json,
C:\projects\efficientAD\mydataset\my_product4\test\good\003K8_0315.png,C:\projects\efficientAD\results\model13_my_product4\annotated\good\003K8_0315_result.png,C:\projects\efficientAD\results\model13_my_product4\heatmaps\good\003K8_0315_heatmap.png,C:\projects\efficientAD\results\model13_my_product4\anomaly_heatmaps\good\003K8_0315_heatmap.png,ANOMALY,True,0.020398223772644997,0.007144,0.0,0.025,9.782300097867846,13.278299942612648,48.847700003534555,0,0,390,484,[],weighted_ae_difference,C:\projects\efficientAD\EfficientAD-main\output\13\trainings\mvtec_ad\my_product4\student_final.pth,C:\projects\efficientAD\EfficientAD-main\output\13\trainings\mvtec_ad\my_product4\autoencoder_final.pth,C:\projects\efficientAD\EfficientAD-main\output\13\trainings\mvtec_ad\my_product4\norm_params.json,
C:\projects\efficientAD\mydataset\my_product4\test\good\003K8_0316.png,C:\projects\efficientAD\results\model13_my_product4\annotated\good\003K8_0316_result.png,C:\projects\efficientAD\results\model13_my_product4\heatmaps\good\003K8_0316_heatmap.png,,NORMAL,False,0.005385720636695623,0.007144,0.0,0.025,9.7314000595361,13.489499920979142,41.79399996064603,0,0,390,484,[],weighted_ae_difference,C:\projects\efficientAD\EfficientAD-main\output\13\trainings\mvtec_ad\my_product4\student_final.pth,C:\projects\efficientAD\EfficientAD-main\output\13\trainings\mvtec_ad\my_product4\autoencoder_final.pth,C:\projects\efficientAD\EfficientAD-main\output\13\trainings\mvtec_ad\my_product4\norm_params.json,
C:\projects\efficientAD\mydataset\my_product4\test\good\003K8_0317.png,C:\projects\efficientAD\results\model13_my_product4\annotated\good\003K8_0317_result.png,C:\projects\efficientAD\results\model13_my_product4\heatmaps\good\003K8_0317_heatmap.png,,NORMAL,False,0.006196565460413694,0.007144,0.0,0.025,9.67599987052381,13.220000080764294,40.036800084635615,0,0,390,484,[],weighted_ae_difference,C:\projects\efficientAD\EfficientAD-main\output\13\trainings\mvtec_ad\my_product4\student_final.pth,C:\projects\efficientAD\EfficientAD-main\output\13\trainings\mvtec_ad\my_product4\autoencoder_final.pth,C:\projects\efficientAD\EfficientAD-main\output\13\trainings\mvtec_ad\my_product4\norm_params.json,
C:\projects\efficientAD\mydataset\my_product4\test\good\003K8_0318.png,C:\projects\efficientAD\results\model13_my_product4\annotated\good\003K8_0318_result.png,C:\projects\efficientAD\results\model13_my_product4\heatmaps\good\003K8_0318_heatmap.png,,NORMAL,False,0.005360443145036697,0.007144,0.0,0.025,13.43669998459518,17.066400032490492,45.28019996359944,0,0,390,484,[],weighted_ae_difference,C:\projects\efficientAD\EfficientAD-main\output\13\trainings\mvtec_ad\my_product4\student_final.pth,C:\projects\efficientAD\EfficientAD-main\output\13\trainings\mvtec_ad\my_product4\autoencoder_final.pth,C:\projects\efficientAD\EfficientAD-main\output\13\trainings\mvtec_ad\my_product4\norm_params.json,
